-- -------------------------------------------------------------
-- TablePlus 6.6.8(632)
--
-- https://tableplus.com/
--
-- Database: zaim_db
-- Generation Time: 2025-08-05 23:22:47.1390
-- -------------------------------------------------------------


/*!40101 SET @OLD_CHARACTER_SET_CLIENT=@@CHARACTER_SET_CLIENT */;
/*!40101 SET @OLD_CHARACTER_SET_RESULTS=@@CHARACTER_SET_RESULTS */;
/*!40101 SET @OLD_COLLATION_CONNECTION=@@COLLATION_CONNECTION */;
/*!40101 SET NAMES utf8mb4 */;
/*!40014 SET @OLD_UNIQUE_CHECKS=@@UNIQUE_CHECKS, UNIQUE_CHECKS=0 */;
/*!40014 SET @OLD_FOREIGN_KEY_CHECKS=@@FOREIGN_KEY_CHECKS, FOREIGN_KEY_CHECKS=0 */;
/*!40101 SET @OLD_SQL_MODE=@@SQL_MODE, SQL_MODE='NO_AUTO_VALUE_ON_ZERO' */;
/*!40111 SET @OLD_SQL_NOTES=@@SQL_NOTES, SQL_NOTES=0 */;


DROP TABLE IF EXISTS `bon`;
CREATE TABLE `bon` (
  `id` int NOT NULL AUTO_INCREMENT,
  `jour` int NOT NULL DEFAULT '5',
  `mois` int NOT NULL DEFAULT '8',
  `annee` int NOT NULL DEFAULT '2025',
  `transport` int NOT NULL DEFAULT '0',
  `remise` int NOT NULL DEFAULT '0',
  `numero` varchar(255) NOT NULL,
  `vehiculeId` int DEFAULT NULL,
  `clientId` int DEFAULT NULL,
  `montant` float NOT NULL DEFAULT '0',
  PRIMARY KEY (`id`),
  KEY `FK_de35d391e26d3154e2a38eec5da` (`vehiculeId`),
  KEY `FK_07951e69f29ec450b87d6dad760` (`clientId`),
  CONSTRAINT `FK_07951e69f29ec450b87d6dad760` FOREIGN KEY (`clientId`) REFERENCES `client` (`id`),
  CONSTRAINT `FK_de35d391e26d3154e2a38eec5da` FOREIGN KEY (`vehiculeId`) REFERENCES `vehicule` (`id`)
) ENGINE=InnoDB AUTO_INCREMENT=636 DEFAULT CHARSET=latin1;

DROP TABLE IF EXISTS `bon_charge`;
CREATE TABLE `bon_charge` (
  `id` int NOT NULL AUTO_INCREMENT,
  `numero` varchar(255) NOT NULL,
  `dateEmission` varchar(255) NOT NULL,
  `type` varchar(255) NOT NULL,
  `numeroRef` varchar(255) NOT NULL,
  `fournisseurId` int DEFAULT NULL,
  `montant` float NOT NULL,
  PRIMARY KEY (`id`),
  KEY `FK_9444d1be5537217e470180bf650` (`fournisseurId`),
  CONSTRAINT `FK_9444d1be5537217e470180bf650` FOREIGN KEY (`fournisseurId`) REFERENCES `fournisseur` (`id`)
) ENGINE=InnoDB AUTO_INCREMENT=9 DEFAULT CHARSET=latin1;

DROP TABLE IF EXISTS `carburant`;
CREATE TABLE `carburant` (
  `id` int NOT NULL AUTO_INCREMENT,
  `compteur` int DEFAULT NULL,
  `liters` decimal(10,2) NOT NULL,
  `unitPrice` decimal(10,2) NOT NULL,
  `date` varchar(255) NOT NULL,
  `vehiculeId` int NOT NULL,
  `salarieId` int DEFAULT NULL,
  `numero` varchar(255) NOT NULL,
  PRIMARY KEY (`id`),
  KEY `FK_51e6dfc125afdbde3e88fc8099c` (`vehiculeId`),
  KEY `FK_9d9dd7a3c1745bb1dc5cc5767aa` (`salarieId`),
  CONSTRAINT `FK_51e6dfc125afdbde3e88fc8099c` FOREIGN KEY (`vehiculeId`) REFERENCES `vehicule` (`id`),
  CONSTRAINT `FK_9d9dd7a3c1745bb1dc5cc5767aa` FOREIGN KEY (`salarieId`) REFERENCES `salarie` (`id`)
) ENGINE=InnoDB AUTO_INCREMENT=4 DEFAULT CHARSET=latin1;

DROP TABLE IF EXISTS `charge`;
CREATE TABLE `charge` (
  `id` int NOT NULL AUTO_INCREMENT,
  `motif` varchar(255) NOT NULL,
  `date` varchar(255) NOT NULL,
  `paye` tinyint NOT NULL DEFAULT '0',
  `montant` decimal(10,2) NOT NULL,
  `created_at` timestamp(6) NOT NULL DEFAULT CURRENT_TIMESTAMP(6),
  `updated_at` timestamp(6) NOT NULL DEFAULT CURRENT_TIMESTAMP(6) ON UPDATE CURRENT_TIMESTAMP(6),
  `type` varchar(255) NOT NULL,
  `fournisseurId` int DEFAULT NULL,
  PRIMARY KEY (`id`),
  KEY `FK_632832c100663aadc8a5350e4f6` (`fournisseurId`),
  CONSTRAINT `FK_632832c100663aadc8a5350e4f6` FOREIGN KEY (`fournisseurId`) REFERENCES `fournisseur` (`id`) ON DELETE CASCADE
) ENGINE=InnoDB AUTO_INCREMENT=9 DEFAULT CHARSET=latin1;

DROP TABLE IF EXISTS `charge_pay`;
CREATE TABLE `charge_pay` (
  `id` int NOT NULL AUTO_INCREMENT,
  `type` varchar(255) NOT NULL,
  `montant` int NOT NULL,
  `bonId` int DEFAULT NULL,
  PRIMARY KEY (`id`),
  KEY `FK_70bd100aee3aa11f8bed43a57f2` (`bonId`),
  CONSTRAINT `FK_70bd100aee3aa11f8bed43a57f2` FOREIGN KEY (`bonId`) REFERENCES `bon_charge` (`id`) ON DELETE CASCADE ON UPDATE CASCADE
) ENGINE=InnoDB DEFAULT CHARSET=latin1;

DROP TABLE IF EXISTS `check`;
CREATE TABLE `check` (
  `id` int NOT NULL AUTO_INCREMENT,
  `checkNumber` varchar(255) NOT NULL,
  `amount` decimal(10,2) NOT NULL,
  `date` date NOT NULL,
  `encaisse` tinyint NOT NULL DEFAULT '0',
  `createdAt` datetime(6) NOT NULL DEFAULT CURRENT_TIMESTAMP(6),
  `updatedAt` datetime(6) NOT NULL DEFAULT CURRENT_TIMESTAMP(6) ON UPDATE CURRENT_TIMESTAMP(6),
  `clientId` int DEFAULT NULL,
  `type` varchar(255) NOT NULL DEFAULT 'client',
  `fournisseurId` int DEFAULT NULL,
  PRIMARY KEY (`id`),
  UNIQUE KEY `IDX_f3323a829a0c9d87bd52bc6101` (`checkNumber`),
  KEY `FK_809d65014500302b34aa3554ffa` (`clientId`),
  KEY `FK_178e4ebd4b84602fb244fb69f54` (`fournisseurId`),
  CONSTRAINT `FK_178e4ebd4b84602fb244fb69f54` FOREIGN KEY (`fournisseurId`) REFERENCES `fournisseur` (`id`),
  CONSTRAINT `FK_809d65014500302b34aa3554ffa` FOREIGN KEY (`clientId`) REFERENCES `client` (`id`)
) ENGINE=InnoDB AUTO_INCREMENT=5 DEFAULT CHARSET=latin1;

DROP TABLE IF EXISTS `client`;
CREATE TABLE `client` (
  `id` int NOT NULL AUTO_INCREMENT,
  `name` varchar(255) NOT NULL,
  `type` varchar(255) NOT NULL,
  `identifiant` varchar(255) DEFAULT NULL,
  PRIMARY KEY (`id`)
) ENGINE=InnoDB AUTO_INCREMENT=132 DEFAULT CHARSET=latin1;

DROP TABLE IF EXISTS `depot`;
CREATE TABLE `depot` (
  `id` int NOT NULL AUTO_INCREMENT,
  `amount` decimal(6,2) NOT NULL,
  `date` varchar(255) NOT NULL,
  PRIMARY KEY (`id`)
) ENGINE=InnoDB AUTO_INCREMENT=2 DEFAULT CHARSET=latin1;

DROP TABLE IF EXISTS `destination`;
CREATE TABLE `destination` (
  `id` int NOT NULL AUTO_INCREMENT,
  `quantity` int NOT NULL,
  `line_id` int DEFAULT NULL,
  `vehicle_id` int DEFAULT NULL,
  `machine_id` int DEFAULT NULL,
  `destination` enum('stock','vehicle','machine') NOT NULL DEFAULT 'stock',
  `date` timestamp NOT NULL DEFAULT CURRENT_TIMESTAMP,
  `type` varchar(255) DEFAULT NULL,
  PRIMARY KEY (`id`),
  KEY `FK_d84cac6ac2b34e0e2fb22b4d030` (`line_id`),
  KEY `FK_7fb2b067f407a116d634800337a` (`vehicle_id`),
  KEY `FK_6cf54e2cd358b160bab9cafc675` (`machine_id`),
  CONSTRAINT `FK_6cf54e2cd358b160bab9cafc675` FOREIGN KEY (`machine_id`) REFERENCES `machine` (`id`),
  CONSTRAINT `FK_7fb2b067f407a116d634800337a` FOREIGN KEY (`vehicle_id`) REFERENCES `vehicule` (`id`),
  CONSTRAINT `FK_d84cac6ac2b34e0e2fb22b4d030` FOREIGN KEY (`line_id`) REFERENCES `ligne_bon_charge` (`id`)
) ENGINE=InnoDB AUTO_INCREMENT=15 DEFAULT CHARSET=utf8mb4 COLLATE=utf8mb4_0900_ai_ci;

DROP TABLE IF EXISTS `devis`;
CREATE TABLE `devis` (
  `id` int NOT NULL AUTO_INCREMENT,
  `jour` int NOT NULL DEFAULT '5',
  `mois` int NOT NULL DEFAULT '8',
  `annee` int NOT NULL DEFAULT '2025',
  `transport` int NOT NULL DEFAULT '0',
  `remise` int NOT NULL DEFAULT '0',
  `deliveryAdress` text,
  `statut` varchar(255) NOT NULL DEFAULT 'En attente',
  `numero` varchar(255) NOT NULL,
  `notes` text,
  `clientId` int DEFAULT NULL,
  PRIMARY KEY (`id`),
  KEY `FK_f8d359af197a1feaff306649e31` (`clientId`),
  CONSTRAINT `FK_f8d359af197a1feaff306649e31` FOREIGN KEY (`clientId`) REFERENCES `client` (`id`)
) ENGINE=InnoDB AUTO_INCREMENT=3 DEFAULT CHARSET=utf8mb4 COLLATE=utf8mb4_0900_ai_ci;

DROP TABLE IF EXISTS `entree`;
CREATE TABLE `entree` (
  `id` int NOT NULL AUTO_INCREMENT,
  `montant` int NOT NULL,
  `type` varchar(255) NOT NULL,
  `date` varchar(255) NOT NULL,
  `clientId` int DEFAULT NULL,
  PRIMARY KEY (`id`),
  KEY `FK_5fca0b234f27dd9a4498e2e9ca3` (`clientId`),
  CONSTRAINT `FK_5fca0b234f27dd9a4498e2e9ca3` FOREIGN KEY (`clientId`) REFERENCES `client` (`id`) ON DELETE CASCADE
) ENGINE=InnoDB AUTO_INCREMENT=5 DEFAULT CHARSET=latin1;

DROP TABLE IF EXISTS `fournisseur`;
CREATE TABLE `fournisseur` (
  `id` int NOT NULL AUTO_INCREMENT,
  `ice` varchar(255) NOT NULL,
  `nom` varchar(255) NOT NULL,
  `responsable` varchar(255) NOT NULL,
  `email` varchar(255) NOT NULL,
  `telephone` varchar(255) NOT NULL,
  PRIMARY KEY (`id`)
) ENGINE=InnoDB AUTO_INCREMENT=2 DEFAULT CHARSET=latin1;

DROP TABLE IF EXISTS `lcn`;
CREATE TABLE `lcn` (
  `id` int NOT NULL AUTO_INCREMENT,
  `checklcnNumber` varchar(255) NOT NULL,
  `amount` decimal(10,2) NOT NULL,
  `date` date NOT NULL,
  `encaisse` tinyint NOT NULL DEFAULT '0',
  `type` varchar(255) DEFAULT NULL,
  `createdAt` datetime(6) NOT NULL DEFAULT CURRENT_TIMESTAMP(6),
  `updatedAt` datetime(6) NOT NULL DEFAULT CURRENT_TIMESTAMP(6) ON UPDATE CURRENT_TIMESTAMP(6),
  `clientId` int DEFAULT NULL,
  `fournisseurId` int DEFAULT NULL,
  `bank` varchar(255) DEFAULT NULL,
  PRIMARY KEY (`id`),
  UNIQUE KEY `IDX_8c5c3230a228a602f8a001f6d5` (`checklcnNumber`),
  KEY `FK_516ca99a1477ba93325f3bceb63` (`clientId`),
  KEY `FK_e32e27eb2c25a77209400e4fe68` (`fournisseurId`),
  CONSTRAINT `FK_516ca99a1477ba93325f3bceb63` FOREIGN KEY (`clientId`) REFERENCES `client` (`id`),
  CONSTRAINT `FK_e32e27eb2c25a77209400e4fe68` FOREIGN KEY (`fournisseurId`) REFERENCES `fournisseur` (`id`)
) ENGINE=InnoDB AUTO_INCREMENT=2 DEFAULT CHARSET=utf8mb4 COLLATE=utf8mb4_0900_ai_ci;

DROP TABLE IF EXISTS `ligne_bon`;
CREATE TABLE `ligne_bon` (
  `id` int NOT NULL AUTO_INCREMENT,
  `quantite` decimal(6,2) NOT NULL,
  `prix` decimal(6,2) NOT NULL,
  `produitId` int DEFAULT NULL,
  `bonId` int DEFAULT NULL,
  PRIMARY KEY (`id`),
  KEY `FK_9bc993625c510b2e5bf4400c8b4` (`produitId`),
  KEY `FK_e99bddb6f4e01fb445067fff826` (`bonId`),
  CONSTRAINT `FK_9bc993625c510b2e5bf4400c8b4` FOREIGN KEY (`produitId`) REFERENCES `produit` (`id`),
  CONSTRAINT `FK_e99bddb6f4e01fb445067fff826` FOREIGN KEY (`bonId`) REFERENCES `bon` (`id`) ON DELETE CASCADE ON UPDATE CASCADE
) ENGINE=InnoDB AUTO_INCREMENT=729 DEFAULT CHARSET=latin1;

DROP TABLE IF EXISTS `ligne_bon_charge`;
CREATE TABLE `ligne_bon_charge` (
  `id` int NOT NULL AUTO_INCREMENT,
  `produit` varchar(255) NOT NULL DEFAULT '',
  `bonId` int DEFAULT NULL,
  `aVoirQuantity` decimal(6,2) DEFAULT NULL,
  `destinationType` varchar(255) NOT NULL DEFAULT '',
  `quantite` float NOT NULL,
  `prix` float NOT NULL,
  PRIMARY KEY (`id`),
  KEY `FK_1d870797f251138154157ba465e` (`bonId`),
  CONSTRAINT `FK_1d870797f251138154157ba465e` FOREIGN KEY (`bonId`) REFERENCES `bon_charge` (`id`) ON DELETE CASCADE ON UPDATE CASCADE
) ENGINE=InnoDB AUTO_INCREMENT=8 DEFAULT CHARSET=latin1;

DROP TABLE IF EXISTS `ligne_devis`;
CREATE TABLE `ligne_devis` (
  `id` int NOT NULL AUTO_INCREMENT,
  `prix` decimal(10,2) NOT NULL,
  `quantite` decimal(10,2) NOT NULL,
  `produitId` int DEFAULT NULL,
  `devisId` int DEFAULT NULL,
  PRIMARY KEY (`id`),
  KEY `FK_c465c5cc50eecf0f618f1ca6e31` (`produitId`),
  KEY `FK_2cd567a1945994ba18e4f9f194c` (`devisId`),
  CONSTRAINT `FK_2cd567a1945994ba18e4f9f194c` FOREIGN KEY (`devisId`) REFERENCES `devis` (`id`),
  CONSTRAINT `FK_c465c5cc50eecf0f618f1ca6e31` FOREIGN KEY (`produitId`) REFERENCES `produit` (`id`)
) ENGINE=InnoDB AUTO_INCREMENT=3 DEFAULT CHARSET=utf8mb4 COLLATE=utf8mb4_0900_ai_ci;

DROP TABLE IF EXISTS `machine`;
CREATE TABLE `machine` (
  `id` int NOT NULL AUTO_INCREMENT,
  `name` varchar(255) NOT NULL,
  `description` varchar(255) DEFAULT NULL,
  `location` varchar(255) DEFAULT NULL,
  `createdAt` timestamp NOT NULL DEFAULT CURRENT_TIMESTAMP,
  `updatedAt` timestamp NOT NULL DEFAULT CURRENT_TIMESTAMP ON UPDATE CURRENT_TIMESTAMP,
  PRIMARY KEY (`id`)
) ENGINE=InnoDB AUTO_INCREMENT=4 DEFAULT CHARSET=utf8mb4 COLLATE=utf8mb4_0900_ai_ci;

DROP TABLE IF EXISTS `paiement`;
CREATE TABLE `paiement` (
  `id` int NOT NULL AUTO_INCREMENT,
  `type` varchar(255) NOT NULL,
  `montant` int NOT NULL,
  `bonId` int DEFAULT NULL,
  PRIMARY KEY (`id`),
  KEY `FK_dfd685fb04ebd532adf628879be` (`bonId`),
  CONSTRAINT `FK_dfd685fb04ebd532adf628879be` FOREIGN KEY (`bonId`) REFERENCES `bon` (`id`) ON DELETE CASCADE ON UPDATE CASCADE
) ENGINE=InnoDB AUTO_INCREMENT=1906 DEFAULT CHARSET=latin1;

DROP TABLE IF EXISTS `permission`;
CREATE TABLE `permission` (
  `id` int NOT NULL AUTO_INCREMENT,
  `name` varchar(255) NOT NULL,
  `create` tinyint NOT NULL DEFAULT '0',
  `update` tinyint NOT NULL DEFAULT '0',
  `read` tinyint NOT NULL DEFAULT '0',
  `delete` tinyint NOT NULL DEFAULT '0',
  `created_at` timestamp(6) NOT NULL DEFAULT CURRENT_TIMESTAMP(6),
  `updated_at` timestamp(6) NOT NULL DEFAULT CURRENT_TIMESTAMP(6) ON UPDATE CURRENT_TIMESTAMP(6),
  `userId` int DEFAULT NULL,
  PRIMARY KEY (`id`),
  KEY `FK_c60570051d297d8269fcdd9bc47` (`userId`),
  CONSTRAINT `FK_c60570051d297d8269fcdd9bc47` FOREIGN KEY (`userId`) REFERENCES `user` (`id`)
) ENGINE=InnoDB DEFAULT CHARSET=latin1;

DROP TABLE IF EXISTS `piece_de_rechange`;
CREATE TABLE `piece_de_rechange` (
  `id` int NOT NULL AUTO_INCREMENT,
  `vehiculeId` int DEFAULT NULL,
  `description` varchar(255) DEFAULT NULL,
  `machineId` int DEFAULT NULL,
  `date` datetime NOT NULL,
  `stockId` int DEFAULT NULL,
  `quantity` float NOT NULL DEFAULT '1',
  PRIMARY KEY (`id`),
  KEY `FK_78c32cdaeb9bb1645e41ea83ef0` (`vehiculeId`),
  KEY `FK_0316cc1b3c57f73933568009790` (`machineId`),
  KEY `FK_236150076541a2ba4467e8e6b52` (`stockId`),
  CONSTRAINT `FK_0316cc1b3c57f73933568009790` FOREIGN KEY (`machineId`) REFERENCES `machine` (`id`),
  CONSTRAINT `FK_236150076541a2ba4467e8e6b52` FOREIGN KEY (`stockId`) REFERENCES `stock` (`id`),
  CONSTRAINT `FK_78c32cdaeb9bb1645e41ea83ef0` FOREIGN KEY (`vehiculeId`) REFERENCES `vehicule` (`id`)
) ENGINE=InnoDB AUTO_INCREMENT=3 DEFAULT CHARSET=latin1;

DROP TABLE IF EXISTS `production`;
CREATE TABLE `production` (
  `id` int NOT NULL AUTO_INCREMENT,
  `quantity` int NOT NULL,
  `startDate` timestamp NOT NULL,
  `endDate` timestamp NOT NULL,
  `status` enum('planned','in_progress','completed','cancelled') NOT NULL DEFAULT 'planned',
  `notes` text,
  `createdAt` timestamp NOT NULL DEFAULT CURRENT_TIMESTAMP,
  `updatedAt` timestamp NOT NULL DEFAULT CURRENT_TIMESTAMP ON UPDATE CURRENT_TIMESTAMP,
  `machineId` int DEFAULT NULL,
  `produitId` int DEFAULT NULL,
  PRIMARY KEY (`id`),
  KEY `FK_90f8b25ffdba0f02fbbef59d74a` (`machineId`),
  KEY `FK_bdd1ebb0e32f142d1e6e3c72024` (`produitId`),
  CONSTRAINT `FK_90f8b25ffdba0f02fbbef59d74a` FOREIGN KEY (`machineId`) REFERENCES `machine` (`id`),
  CONSTRAINT `FK_bdd1ebb0e32f142d1e6e3c72024` FOREIGN KEY (`produitId`) REFERENCES `produit` (`id`)
) ENGINE=InnoDB AUTO_INCREMENT=5 DEFAULT CHARSET=utf8mb4 COLLATE=utf8mb4_0900_ai_ci;

DROP TABLE IF EXISTS `produit`;
CREATE TABLE `produit` (
  `id` int NOT NULL AUTO_INCREMENT,
  `name` varchar(255) NOT NULL,
  `prix` int NOT NULL,
  PRIMARY KEY (`id`)
) ENGINE=InnoDB AUTO_INCREMENT=22 DEFAULT CHARSET=latin1;

DROP TABLE IF EXISTS `salaire`;
CREATE TABLE `salaire` (
  `id` int NOT NULL AUTO_INCREMENT,
  `amount` decimal(6,2) NOT NULL,
  `date` varchar(255) NOT NULL,
  `month` varchar(255) NOT NULL,
  `salarieId` int DEFAULT NULL,
  PRIMARY KEY (`id`),
  KEY `FK_e83b174db588b3c8b2f14e0bac1` (`salarieId`),
  CONSTRAINT `FK_e83b174db588b3c8b2f14e0bac1` FOREIGN KEY (`salarieId`) REFERENCES `salarie` (`id`) ON DELETE CASCADE
) ENGINE=InnoDB DEFAULT CHARSET=latin1;

DROP TABLE IF EXISTS `salarie`;
CREATE TABLE `salarie` (
  `id` int NOT NULL AUTO_INCREMENT,
  `name` varchar(255) NOT NULL,
  `salaire` int NOT NULL,
  `date` varchar(255) NOT NULL,
  PRIMARY KEY (`id`)
) ENGINE=InnoDB AUTO_INCREMENT=3 DEFAULT CHARSET=latin1;

DROP TABLE IF EXISTS `stock`;
CREATE TABLE `stock` (
  `id` int NOT NULL AUTO_INCREMENT,
  `name` varchar(255) NOT NULL,
  `quantity` int NOT NULL DEFAULT '0',
  `createdAt` datetime(6) NOT NULL DEFAULT CURRENT_TIMESTAMP(6),
  `updatedAt` datetime(6) NOT NULL DEFAULT CURRENT_TIMESTAMP(6) ON UPDATE CURRENT_TIMESTAMP(6),
  `type` varchar(255) DEFAULT NULL,
  `prixVente` float NOT NULL DEFAULT '0',
  PRIMARY KEY (`id`)
) ENGINE=InnoDB AUTO_INCREMENT=5 DEFAULT CHARSET=latin1;

DROP TABLE IF EXISTS `stock_operation`;
CREATE TABLE `stock_operation` (
  `id` int NOT NULL AUTO_INCREMENT,
  `type` enum('in','out') NOT NULL,
  `quantity` int NOT NULL,
  `createdAt` datetime(6) NOT NULL DEFAULT CURRENT_TIMESTAMP(6),
  `updatedAt` datetime(6) NOT NULL DEFAULT CURRENT_TIMESTAMP(6) ON UPDATE CURRENT_TIMESTAMP(6),
  PRIMARY KEY (`id`)
) ENGINE=InnoDB DEFAULT CHARSET=latin1;

DROP TABLE IF EXISTS `user`;
CREATE TABLE `user` (
  `id` int NOT NULL AUTO_INCREMENT,
  `name` varchar(255) NOT NULL,
  `email` varchar(255) NOT NULL,
  `password` varchar(255) NOT NULL,
  `role` varchar(255) NOT NULL DEFAULT 'vente',
  `created_at` timestamp(6) NOT NULL DEFAULT CURRENT_TIMESTAMP(6),
  `updated_at` timestamp(6) NOT NULL DEFAULT CURRENT_TIMESTAMP(6) ON UPDATE CURRENT_TIMESTAMP(6),
  PRIMARY KEY (`id`),
  UNIQUE KEY `IDX_e12875dfb3b1d92d7d7c5377e2` (`email`)
) ENGINE=InnoDB AUTO_INCREMENT=3 DEFAULT CHARSET=latin1;

DROP TABLE IF EXISTS `vehicule`;
CREATE TABLE `vehicule` (
  `id` int NOT NULL AUTO_INCREMENT,
  `immatricule` varchar(255) NOT NULL,
  `type` varchar(255) NOT NULL,
  `clientId` int DEFAULT NULL,
  `chauffeurId` int DEFAULT NULL,
  `marque` varchar(255) DEFAULT NULL,
  `modele` varchar(255) DEFAULT NULL,
  `kilometrageVidange` int DEFAULT NULL,
  PRIMARY KEY (`id`),
  KEY `FK_58a1f481e574f349ac4610e6ecb` (`clientId`),
  KEY `FK_e52f58b8d516b7e62ccdf289c2c` (`chauffeurId`),
  CONSTRAINT `FK_58a1f481e574f349ac4610e6ecb` FOREIGN KEY (`clientId`) REFERENCES `client` (`id`),
  CONSTRAINT `FK_e52f58b8d516b7e62ccdf289c2c` FOREIGN KEY (`chauffeurId`) REFERENCES `salarie` (`id`)
) ENGINE=InnoDB AUTO_INCREMENT=170 DEFAULT CHARSET=latin1;

DROP TABLE IF EXISTS `vidange`;
CREATE TABLE `vidange` (
  `id` int NOT NULL AUTO_INCREMENT,
  `date` date NOT NULL,
  `cout` float NOT NULL,
  `description` varchar(255) DEFAULT NULL,
  `kilometrage` float NOT NULL DEFAULT '0',
  `heures_moteur` float NOT NULL DEFAULT '0',
  `type_vidange` varchar(255) DEFAULT NULL,
  `vehicule_id` int DEFAULT NULL,
  `machine_id` int DEFAULT NULL,
  `vehiculeId` int DEFAULT NULL,
  `machineId` int DEFAULT NULL,
  PRIMARY KEY (`id`),
  KEY `FK_21f0f57ffa63d571af043b29a6b` (`vehiculeId`),
  KEY `FK_aa0658be7e97e83fb39ed061eb3` (`machineId`),
  CONSTRAINT `FK_21f0f57ffa63d571af043b29a6b` FOREIGN KEY (`vehiculeId`) REFERENCES `vehicule` (`id`),
  CONSTRAINT `FK_aa0658be7e97e83fb39ed061eb3` FOREIGN KEY (`machineId`) REFERENCES `machine` (`id`)
) ENGINE=InnoDB AUTO_INCREMENT=6 DEFAULT CHARSET=utf8mb4 COLLATE=utf8mb4_0900_ai_ci;

DROP TABLE IF EXISTS `visite_technique`;
CREATE TABLE `visite_technique` (
  `id` int NOT NULL AUTO_INCREMENT,
  `date` date NOT NULL,
  `kilometrage` int DEFAULT NULL,
  `resultat` enum('Valide','Non valide') NOT NULL DEFAULT 'Valide',
  `prochaineVisite` date NOT NULL,
  `montant` decimal(10,2) NOT NULL,
  `notes` text,
  `vehiculeId` int DEFAULT NULL,
  PRIMARY KEY (`id`),
  KEY `FK_6dbf70e49fe68f45ccd0f610c0a` (`vehiculeId`),
  CONSTRAINT `FK_6dbf70e49fe68f45ccd0f610c0a` FOREIGN KEY (`vehiculeId`) REFERENCES `vehicule` (`id`)
) ENGINE=InnoDB DEFAULT CHARSET=utf8mb4 COLLATE=utf8mb4_0900_ai_ci;

INSERT INTO `bon` (`id`, `jour`, `mois`, `annee`, `transport`, `remise`, `numero`, `vehiculeId`, `clientId`, `montant`) VALUES
(2, 2, 6, 2025, 0, 0, '4078/2025', 6, 1, 1000),
(3, 2, 6, 2025, 0, 0, '4079/2025', 11, 4, 360),
(4, 2, 6, 2025, 0, 0, '4080/2025', 13, 5, 200),
(5, 2, 6, 2025, 0, 0, '4081/2025', 14, 6, 1955),
(6, 2, 6, 2025, 0, 0, '4082/2025', 15, 6, 1785),
(7, 2, 6, 2025, 0, 0, '4083/2025', 18, 6, 1955),
(8, 2, 6, 2025, 575, 0, '4084/2025', 19, 9, 1325),
(9, 2, 6, 2025, 0, 0, '4085/2025', 22, 11, 360),
(10, 2, 6, 2025, 575, 0, '4086/2025', 19, 9, 1325),
(11, 2, 6, 2025, 0, 0, '4087/2025', 23, 14, 135),
(12, 2, 6, 2025, 0, 0, '4088/2025', 24, 15, 360),
(13, 2, 6, 2025, 0, 0, '4089/2025', 26, 16, 360),
(14, 2, 6, 2025, 0, 0, '4090/2025', 27, 17, 200),
(15, 2, 6, 2025, 575, 0, '4091/2025', 19, 9, 1325),
(16, 2, 6, 2025, 0, 0, '4092/2025', 28, 17, 200),
(17, 2, 6, 2025, 0, 0, '4093/2025', 31, 18, 1150),
(18, 2, 6, 2025, 0, 0, '4094/2025', 29, 17, 200),
(19, 2, 6, 2025, 575, 0, '4095/2025', 19, 9, 1325),
(20, 2, 6, 2025, 0, 0, '4096/2025', 30, 19, 300),
(21, 2, 6, 2025, 0, 0, '4097/2025', 32, 20, 200),
(22, 2, 6, 2025, 0, 0, '4098/2025', 33, 21, 180),
(23, 2, 6, 2025, 575, 0, '4099/2025', 34, 9, 1325),
(24, 2, 6, 2025, 0, 0, '4100/2025', 22, 11, 360),
(25, 2, 6, 2025, 0, 0, '4101/2025', 35, 22, 350),
(26, 2, 6, 2025, 0, 0, '4102/2025', 14, 6, 1955),
(27, 2, 6, 2025, 0, 0, '4103/2025', 19, 24, 1000),
(28, 2, 6, 2025, 0, 0, '4104/2025', 34, 27, 2300),
(29, 2, 6, 2025, 0, 0, '4105/2025', 35, 22, 770),
(30, 2, 6, 2025, 0, 0, '4106/2025', NULL, 28, 200),
(31, 2, 6, 2025, 0, 0, '4107/2025', NULL, 29, 2000),
(32, 2, 6, 2025, 0, 0, '4108/2025', 36, 28, 360),
(33, 2, 6, 2025, 575, 0, '4109/2025', 40, 9, 1325),
(34, 2, 6, 2025, 0, 0, '4110/2025', 43, 17, 900),
(35, 2, 6, 2025, 0, 0, '4111/2025', 34, 30, 11250),
(36, 3, 6, 2025, 0, 0, '4112/2025', 14, 6, 1955),
(37, 3, 6, 2025, 1150, 0, '4113/2025', 34, 32, 2650),
(38, 3, 6, 2025, 575, 0, '4114/2025', 19, 9, 1325),
(39, 3, 6, 2025, 0, 2, '4115/2025', 32, 20, 270),
(40, 3, 6, 2025, 0, 0, '4116/2025', 44, 34, 360),
(41, 3, 6, 2025, 1400, 0, '4117/2025', 34, 32, 2650),
(42, 3, 6, 2025, 0, 2, '4118/2025', 32, 20, 270),
(43, 3, 6, 2025, 0, 0, '4119/2025', 45, 35, 200),
(44, 3, 6, 2025, 250, 0, '4120/2025', 40, 17, 3000),
(45, 3, 6, 2025, 0, 0, '4121/2025', 35, 22, 360),
(46, 3, 6, 2025, 0, 0, '4122/2025', 18, 6, 1955),
(47, 3, 6, 2025, 0, 2, '4123/2025', 32, 20, 350),
(48, 3, 6, 2025, 0, 0, '4124/2025', 46, 36, 200),
(49, 3, 6, 2025, 0, 0, '4125/2025', 36, 28, 560),
(50, 3, 6, 2025, 0, 0, '4126/2025', 26, 16, 200),
(51, 3, 6, 2025, 0, 0, '4127/2025', 48, 37, 1360),
(52, 3, 6, 2025, 0, 0, '4128/2025', 46, 36, 200),
(53, 3, 6, 2025, 0, 0, '4129/2025', 22, 11, 360),
(54, 3, 6, 2025, 0, 0, '4130/2025', 40, 30, 10250),
(55, 3, 6, 2025, 0, 0, '4131/2025', 40, 24, 1000),
(56, 3, 6, 2025, 0, 0, '4132/2025', 50, 40, 400),
(57, 3, 6, 2025, 0, 0, '4133/2025', 47, 37, 1360),
(58, 3, 6, 2025, 0, 0, '4134/2025', 51, 41, 360),
(59, 3, 6, 2025, 0, 0, '4135/2025', 47, 37, 1360),
(60, 3, 6, 2025, 0, 0, '4136/2025', 53, 42, 1000),
(61, 3, 6, 2025, 0, 0, '4137/2025', 40, 29, 2000),
(62, 4, 6, 2025, 1400, 0, '4138/2025', 34, 32, 2150),
(63, 4, 6, 2025, 625, 0, '4139/2025', 19, 37, 1625),
(64, 4, 6, 2025, 0, 0, '4140/2025', 55, 43, 200),
(65, 4, 6, 2025, 0, 0, '4141/2025', 35, 22, 350),
(66, 4, 6, 2025, 0, 2, '4142/2025', 32, 20, 270),
(67, 4, 6, 2025, 625, 0, '4143/2025', 19, 37, 1625),
(68, 4, 6, 2025, 0, 0, '4144/2025', 22, 11, 360),
(69, 4, 6, 2025, 0, 0, '4145/2025', 44, 34, 360),
(70, 4, 6, 2025, 0, 0, '4146/2025', 11, 4, 360),
(71, 4, 6, 2025, 625, 0, '4147/2025', 19, 37, 1625),
(72, 4, 6, 2025, 0, 0, '4148/2025', NULL, 45, 360),
(73, 4, 6, 2025, 0, 0, '4149/2025', 56, 46, 280),
(74, 4, 6, 2025, 625, 0, '4150/2025', 19, 37, 1625),
(75, 4, 6, 2025, 0, 0, '4151/2025', 57, 47, 1000),
(76, 4, 6, 2025, 625, 0, '4152/2025', 34, 37, 1625),
(77, 4, 6, 2025, 625, 0, '4153/2025', 19, 37, 1625),
(78, 16, 6, 2025, 0, 0, '4154/2025', 58, 49, 360),
(79, 16, 6, 2025, 0, 0, '4155/2025', 59, 17, 480),
(80, 16, 6, 2025, 0, 0, '4156/2025', 60, 51, 60),
(81, 16, 6, 2025, 0, 0, '4157/2025', 18, 6, 2530),
(82, 16, 6, 2025, 0, 0, '4158/2025', NULL, 6, 1054.09),
(83, 16, 6, 2025, 0, 0, '4159/2025', 31, 18, 2415),
(84, 16, 6, 2025, 1200, 0, '4160/2025', 19, 52, 3200),
(85, 16, 6, 2025, 0, 0, '4161/2025', 61, 53, 360),
(86, 16, 6, 2025, 0, 0, '4162/2025', 32, 20, 200),
(87, 16, 6, 2025, 0, 0, '4163/2025', 62, 55, 360),
(88, 16, 6, 2025, 375, 0, '4164/2025', 19, 27, 1125),
(89, 16, 6, 2025, 0, 0, '4165/2025', 63, 17, 480),
(90, 16, 6, 2025, 0, 0, '4166/2025', 64, 56, 180),
(91, 16, 6, 2025, 0, 0, '4167/2025', 23, 14, 270),
(92, 16, 6, 2025, 0, 0, '4168/2025', 66, 57, 360),
(93, 16, 6, 2025, 0, 0, '4169/2025', 68, 17, 200),
(94, 16, 6, 2025, 0, 0, '4170/2025', 69, 58, 200),
(95, 16, 6, 2025, 0, 0, '4171/2025', 60, 51, 200),
(96, 16, 6, 2025, 0, 0, '4172/2025', 27, 17, 200),
(97, 16, 6, 2025, 0, 0, '4173/2025', 22, 11, 360),
(98, 16, 6, 2025, 0, 0, '4174/2025', 70, 59, 360),
(99, 16, 6, 2025, 0, 0, '4175/2025', 71, 60, 300),
(100, 16, 6, 2025, 0, 0, '4176/2025', 34, 62, 3000),
(101, 16, 6, 2025, 0, 0, '4177/2025', 23, 14, 270),
(102, 16, 6, 2025, 0, 0, '4178/2025', 61, 53, 360),
(103, 16, 6, 2025, 0, 0, '4179/2025', 22, 11, 200),
(104, 16, 6, 2025, 0, 0, '4180/2025', 72, 5, 280),
(105, 16, 6, 2025, 0, 0, '4181/2025', 73, 63, 200),
(106, 16, 6, 2025, 1750, 0, '4182/2025', 19, 62, 3000),
(107, 16, 6, 2025, 0, 0, '4183/2025', 75, 15, 360),
(108, 16, 6, 2025, 0, 0, '4184/2025', 90, 65, 1000),
(109, 16, 6, 2025, 0, 0, '4185/2025', 63, 17, 200),
(110, 16, 6, 2025, 0, 0, '4186/2025', 22, 11, 200),
(111, 16, 6, 2025, 0, 0, '4187/2025', 63, 17, 480),
(112, 16, 6, 2025, 0, 0, '4188/2025', 31, 18, 2415),
(113, 17, 6, 2025, 0, 0, '4189/2025', 76, 66, 360),
(114, 17, 6, 2025, 0, 0, '4190/2025', 61, 53, 560),
(115, 17, 6, 2025, 0, 2, '4191/2025', 32, 20, 270),
(116, 17, 6, 2025, 575, 0, '4192/2025', 19, 9, 1325),
(117, 17, 6, 2025, 575, 0, '4193/2025', 40, 9, 1325),
(118, 17, 6, 2025, 0, 0, '4194/2025', 78, 67, 180),
(119, 17, 6, 2025, 0, 0, '4195/2025', 18, 6, 1054.09),
(120, 17, 6, 2025, 0, 0, '4196/2025', 14, 6, 1054.09),
(121, 17, 6, 2025, 0, 0, '4197/2025', 79, 69, 2250),
(122, 17, 6, 2025, 0, 0, '4198/2025', 31, 18, 2415),
(123, 17, 6, 2025, 0, 0, '4199/2025', 60, 51, 200),
(124, 17, 6, 2025, 0, 0, '4200/2025', 82, 70, 480),
(125, 17, 6, 2025, 0, 0, '4201/2025', 64, 56, 180),
(126, 17, 6, 2025, 0, 2, '4202/2025', 32, 20, 270),
(127, 17, 6, 2025, 0, 0, '4203/2025', 84, 71, 90),
(128, 17, 6, 2025, 0, 0, '4204/2025', 83, 71, 90),
(129, 17, 6, 2025, 0, 2, '4205/2025', 85, 20, 350),
(130, 17, 6, 2025, 375, 0, '4206/2025', 19, 27, 1125),
(131, 17, 6, 2025, 625, 0, '4207/2025', 19, 37, 3125),
(132, 17, 6, 2025, 0, 0, '4208/2025', 80, 70, 280),
(133, 17, 6, 2025, 0, 0, '4209/2025', 86, 73, 200),
(134, 17, 6, 2025, 0, 2, '4210/2025', 32, 20, 350),
(135, 17, 6, 2025, 500, 0, '4211/2025', 40, 75, 3000),
(136, 17, 6, 2025, 0, 0, '4212/2025', 61, 53, 360),
(137, 17, 6, 2025, 0, 0, '4213/2025', 26, 16, 100),
(138, 17, 6, 2025, 0, 0, '4214/2025', 87, 76, 360),
(139, 17, 6, 2025, 0, 0, '4215/2025', 88, 77, 60),
(142, 17, 6, 2025, 500, 0, '4216/2025', 40, 75, 1750),
(143, 17, 6, 2025, 0, 0, '4217/2025', 18, 6, 2530),
(144, 17, 6, 2025, 0, 0, '4218/2025', 79, 69, 1250),
(145, 17, 6, 2025, 0, 0, '4219/2025', 89, 78, 630),
(146, 17, 6, 2025, 625, 0, '4220/2025', 19, 37, 3125),
(147, 17, 6, 2025, 0, 0, '4221/2025', 34, 79, 2550),
(148, 17, 6, 2025, 0, 0, '4222/2025', 88, 77, 60),
(149, 17, 6, 2025, 0, 0, '4223/2025', 46, 36, 200),
(150, 17, 6, 2025, 500, 0, '4224/2025', 40, 75, 3000),
(151, 17, 6, 2025, 0, 0, '4225/2025', 36, 28, 200),
(152, 17, 6, 2025, 0, 0, '4226/2025', 31, 18, 1840),
(153, 17, 6, 2025, 0, 0, '4227/2025', 90, 65, 1000),
(154, 17, 6, 2025, 0, 0, '4228/2025', 46, 36, 200),
(155, 18, 6, 2025, 575, 0, '4229/2025', 34, 9, 1325),
(156, 18, 6, 2025, 575, 0, '4230/2025', 40, 9, 1325),
(157, 18, 6, 2025, 0, 0, '4231/2025', 14, 6, 2530),
(158, 18, 6, 2025, 575, 0, '4232/2025', 19, 9, 1325),
(159, 18, 6, 2025, 0, 0, '4233/2025', 92, 80, 560),
(160, 18, 6, 2025, 0, 0, '4234/2025', 30, 19, 360),
(161, 18, 6, 2025, 0, 0, '4235/2025', 91, 80, 560),
(162, 18, 6, 2025, 550, 0, '4236/2025', 34, 79, 1800),
(163, 18, 6, 2025, 0, 0, '4237/2025', 36, 28, 270),
(164, 18, 6, 2025, 500, 0, '4238/2025', 40, 75, 1750),
(165, 18, 6, 2025, 0, 0, '4239/2025', 61, 53, 1000),
(166, 18, 6, 2025, 0, 0, '4240/2025', 19, 81, 3000),
(167, 18, 6, 2025, 0, 0, '4241/2025', 22, 11, 360),
(168, 18, 6, 2025, 0, 0, '4242/2025', 93, 82, 60),
(169, 18, 6, 2025, 250, 0, '4243/2025', 34, 63, 1500),
(170, 18, 6, 2025, 0, 0, '4244/2025', 93, 82, 60),
(171, 18, 6, 2025, 0, 0, '4245/2025', 14, 6, 1054.09),
(172, 18, 6, 2025, 0, 0, '4246/2025', 36, 28, 60),
(173, 18, 6, 2025, 0, 0, '4247/2025', 83, 71, 180),
(174, 18, 6, 2025, 0, 0, '4248/2025', 70, 59, 360),
(175, 18, 6, 2025, 0, 0, '4249/2025', 61, 53, 200),
(176, 18, 6, 2025, 575, 0, '4250/2025', 40, 9, 1325),
(177, 18, 6, 2025, 625, 0, '4251/2025', 19, 37, 3125),
(178, 18, 6, 2025, 0, 0, '4252/2025', 35, 22, 360),
(179, 18, 6, 2025, 0, 0, '4253/2025', 79, 69, 1250),
(180, 18, 6, 2025, 1750, 0, '4254/2025', 34, 81, 3000),
(181, 18, 6, 2025, 0, 0, '4255/2025', 46, 36, 200),
(182, 18, 6, 2025, 0, 0, '4256/2025', 94, 37, 1360),
(183, 19, 6, 2025, 0, 0, '4257/2025', 94, 37, 1360),
(184, 19, 6, 2025, 0, 0, '4258/2025', 27, 17, 360),
(185, 19, 6, 2025, 575, 0, '4259/2025', 19, 9, 1325),
(186, 19, 6, 2025, 575, 0, '4260/2025', 40, 9, 1325),
(187, 19, 6, 2025, 1250, 0, '4261/2025', 34, 81, 3500),
(188, 19, 6, 2025, 0, 0, '4262/2025', 86, 73, 360),
(189, 18, 6, 2025, 0, 0, '4263/2025', 64, 56, 180),
(190, 19, 6, 2025, 0, 0, '4264/2025', 95, 65, 1000),
(191, 18, 6, 2025, 0, 0, '4265/2025', 97, 15, 360),
(192, 19, 6, 2025, 0, 0, '4266/2025', 94, 37, 1360),
(193, 19, 6, 2025, 575, 0, '4267/2025', 19, 9, 1325),
(194, 19, 6, 2025, 575, 0, '4268/2025', 40, 9, 1325),
(195, 19, 6, 2025, 0, 0, '4269/2025', 94, 37, 1360),
(196, 19, 6, 2025, 0, 0, '4270/2025', 98, 85, 360),
(197, 19, 6, 2025, 575, 0, '4271/2025', 19, 9, 1325),
(198, 19, 6, 2025, 0, 0, '4272/2025', 36, 28, 60),
(199, 19, 6, 2025, 575, 0, '4273/2025', 40, 9, 1325),
(200, 19, 6, 2025, 0, 0, '4274/2025', 94, 37, 1360),
(201, 19, 6, 2025, 0, 0, '4275/2025', 99, 87, 480),
(202, 19, 6, 2025, 0, 0, '4276/2025', 51, 41, 360),
(203, 19, 6, 2025, 0, 0, '4277/2025', 100, 89, 100),
(204, 19, 6, 2025, 575, 0, '4278/2025', 34, 9, 1325),
(205, 19, 6, 2025, 0, 0, '4279/2025', 27, 17, 2000),
(206, 19, 6, 2025, 0, 0, '4280/2025', 83, 71, 90),
(207, 19, 6, 2025, 0, 0, '4281/2025', 60, 51, 400),
(208, 19, 6, 2025, 0, 0, '4282/2025', 94, 37, 1360),
(209, 19, 6, 2025, 575, 0, '4283/2025', 19, 9, 1325),
(210, 19, 6, 2025, 0, 0, '4284/2025', 14, 6, 1054.09),
(211, 19, 6, 2025, 0, 0, '4285/2025', 102, 71, 700),
(212, 19, 6, 2025, 0, 0, '4286/2025', 83, 71, 90),
(213, 19, 6, 2025, 0, 0, '4287/2025', 90, 65, 1000),
(214, 19, 6, 2025, 0, 0, '4288/2025', 36, 28, 60),
(216, 19, 6, 2025, 0, 0, '4289/2025', 42, 17, 1000),
(217, 19, 6, 2025, 0, 0, '4290/2025', 94, 37, 1360),
(218, 16, 6, 2025, 575, 0, '4291/2025', 19, 9, 1325),
(219, 19, 6, 2025, 375, 0, '4292/2025', 34, 27, 1125),
(220, 19, 6, 2025, 0, 0, '4293/2025', 44, 34, 200),
(221, 19, 6, 2025, 0, 0, '4294/2025', 31, 18, 2415),
(222, 20, 6, 2025, 0, 0, '4295/2025', 90, 65, 1000),
(223, 20, 6, 2025, 0, 0, '4296/2025', 14, 6, 1955),
(224, 20, 6, 2025, 575, 0, '4297/2025', 19, 9, 1325),
(225, 20, 6, 2025, 0, 0, '4298/2025', 23, 14, 135),
(226, 20, 6, 2025, 0, 0, '4299/2025', 94, 37, 1360),
(227, 20, 6, 2025, 575, 0, '4300/2025', 40, 9, 1325),
(228, 20, 6, 2025, 575, 0, '4301/2025', 34, 9, 1325),
(229, 20, 6, 2025, 575, 0, '4302/2025', 19, 9, 1325),
(230, 20, 6, 2025, 575, 0, '4303/2025', 40, 9, 1325),
(231, 20, 6, 2025, 0, 0, '4304/2025', 64, 56, 180),
(232, 20, 6, 2025, 0, 0, '4305/2025', 94, 37, 1360),
(233, 20, 6, 2025, 0, 0, '4306/2025', 83, 71, 270),
(234, 20, 6, 2025, 575, 0, '4307/2025', 34, 9, 1325),
(235, 20, 6, 2025, 0, 0, '4308/2025', 44, 34, 180),
(236, 20, 6, 2025, 575, 0, '4309/2025', 40, 9, 1325),
(237, 20, 6, 2025, 0, 0, '4310/2025', 94, 37, 1360),
(238, 20, 6, 2025, 575, 0, '4311/2025', 40, 9, 1325),
(239, 20, 6, 2025, 0, 0, '4312/2025', 104, 79, 1250),
(240, 20, 6, 2025, 575, 0, '4313/2025', 34, 9, 1325),
(241, 20, 6, 2025, 0, 0, '4314/2025', 36, 28, 60),
(242, 16, 6, 2025, 0, 0, '4315/2025', 105, 65, 1000),
(243, 21, 6, 2025, 0, 0, '4316/2025', 31, 18, 2415),
(244, 20, 6, 2025, 200, 0, '4317/2025', 19, 131, 1450),
(245, 20, 6, 2025, 0, 0, '4318/2025', 34, 27, 2300),
(246, 21, 6, 2025, 0, 0, '4319/2025', 63, 17, 480),
(247, 21, 6, 2025, 575, 0, '4320/2025', 19, 9, 1325),
(248, 21, 6, 2025, 0, 0, '4321/2025', 103, 79, 2250),
(249, 21, 6, 2025, 0, 0, '4322/2025', 106, 91, 1000),
(250, 21, 6, 2025, 0, 0, '4323/2025', 31, 18, 2415),
(251, 21, 6, 2025, 575, 0, '4324/2025', 40, 9, 1325),
(252, 21, 6, 2025, 1500, 0, '4325/2025', 34, 92, 2750),
(253, 21, 6, 2025, 0, 0, '4326/2025', 107, 93, 400),
(254, 21, 6, 2025, 0, 0, '4327/2025', 23, 14, 270),
(255, 21, 6, 2025, 0, 0, '4328/2025', 83, 71, 180),
(256, 21, 6, 2025, 0, 0, '4329/2025', 61, 53, 200),
(257, 21, 6, 2025, 0, 0, '4330/2025', 90, 65, 1000),
(258, 21, 6, 2025, 575, 0, '4331/2025', 40, 9, 1325),
(259, 21, 6, 2025, 0, 0, '4332/2025', 108, 94, 360),
(260, 21, 6, 2025, 0, 0, '4333/2025', 61, 53, 360),
(261, 21, 6, 2025, 0, 0, '4334/2025', 110, 95, 360),
(262, 21, 6, 2025, 0, 0, '4335/2025', 111, 22, 100),
(263, 21, 6, 2025, 575, 0, '4336/2025', 40, 9, 1325),
(264, 21, 6, 2025, 0, 0, '4337/2025', 86, 73, 360),
(265, 21, 6, 2025, 0, 0, '4338/2025', 112, 97, 540),
(266, 21, 6, 2025, 0, 0, '4339/2025', 114, 32, 200),
(267, 21, 6, 2025, 1500, 0, '4340/2025', 34, 92, 2750),
(268, 21, 6, 2025, 0, 0, '4341/2025', 103, 79, 1250),
(269, 21, 6, 2025, 0, 0, '4342/2025', 115, 98, 1000),
(270, 21, 6, 2025, 0, 0, '4343/2025', 87, 76, 200),
(271, 21, 6, 2025, 0, 0, '4344/2025', 62, 55, 360),
(272, 21, 6, 2025, 0, 0, '4345/2025', 22, 11, 360),
(273, 21, 6, 2025, 0, 0, '4346/2025', 77, 67, 180),
(274, 21, 6, 2025, 575, 0, '4347/2025', 40, 9, 1325),
(275, 21, 6, 2025, 0, 0, '4348/2025', 63, 17, 280),
(276, 21, 6, 2025, 1400, 0, '4349/2025', 34, 92, 3650),
(277, 21, 6, 2025, 0, 0, '4350/2025', 40, 100, 1500),
(278, 21, 6, 2025, 0, 0, '4351/2025', 94, 37, 1360),
(279, 21, 6, 2025, 0, 0, '4352/2025', 118, 102, 2250),
(280, 21, 6, 2025, 0, 0, '4353/2025', 121, 47, 2250),
(281, 21, 6, 2025, 0, 0, '4354/2025', 6, 1, 200),
(282, 23, 6, 2025, 0, 0, '4355/2025', 43, 17, 1000),
(283, 23, 6, 2025, 0, 0, '4356/2025', 103, 79, 1250),
(284, 23, 6, 2025, 0, 0, '4357/2025', 87, 76, 60),
(285, 23, 6, 2025, 0, 0, '4358/2025', 14, 6, 1955),
(286, 23, 6, 2025, 0, 0, '4359/2025', 107, 93, 630),
(287, 23, 6, 2025, 575, 0, '4360/2025', 40, 9, 1325),
(288, 23, 6, 2025, 0, 0, '4361/2025', 23, 14, 270),
(289, 23, 6, 2025, 575, 0, '4362/2025', 34, 9, 1325),
(290, 23, 6, 2025, 0, 0, '4363/2025', 61, 53, 630),
(291, 23, 6, 2025, 0, 0, '4364/2025', 70, 59, 240),
(292, 23, 6, 2025, 0, 0, '4365/2025', 90, 65, 1000),
(293, 23, 6, 2025, 0, 0, '4366/2025', 123, 103, 400),
(294, 23, 6, 2025, 575, 0, '4367/2025', 19, 9, 1325),
(295, 23, 6, 2025, 0, 0, '4368/2025', 31, 18, 1840),
(296, 23, 6, 2025, 0, 0, '4369/2025', 80, 70, 200),
(297, 23, 6, 2025, 575, 0, '4370/2025', 34, 9, 1325),
(298, 23, 6, 2025, 0, 0, '4371/2025', 62, 55, 560),
(299, 23, 6, 2025, 0, 0, '4372/2025', 27, 17, 540),
(300, 23, 6, 2025, 575, 0, '4373/2025', 19, 9, 1325),
(301, 23, 6, 2025, 0, 0, '4374/2025', 80, 70, 480),
(302, 23, 6, 2025, 0, 0, '4375/2025', 94, 37, 1360),
(303, 23, 6, 2025, 0, 0, '4376/2025', 29, 17, 540),
(304, 23, 6, 2025, 0, 0, '4377/2025', 124, 105, 120),
(306, 23, 6, 2025, 0, 10, '4378/2025', 32, 20, 270),
(307, 23, 6, 2025, 0, 0, '4379/2025', 103, 79, 1250),
(308, 23, 6, 2025, 575, 0, '4380/2025', 34, 9, 1325),
(309, 23, 6, 2025, 0, 0, '4381/2025', 125, 4, 105),
(310, 23, 6, 2025, 575, 0, '4382/2025', 19, 9, 1325),
(311, 23, 6, 2025, 0, 0, '4383/2025', 14, 6, 1955),
(312, 23, 6, 2025, 0, 0, '4384/2025', 127, 37, 1360),
(313, 23, 6, 2025, 0, 0, '4385/2025', 128, 106, 200),
(314, 23, 6, 2025, 0, 0, '4386/2025', 129, 108, 240),
(315, 23, 6, 2025, 0, 0, '4387/2025', 77, 67, 180),
(316, 23, 6, 2025, 375, 0, '4388/2025', 40, 27, 1125),
(317, 23, 6, 2025, 0, 0, '4389/2025', 83, 71, 270),
(318, 23, 6, 2025, 0, 0, '4390/2025', 125, 4, 105),
(319, 23, 6, 2025, 0, 0, '4391/2025', 90, 65, 1000),
(320, 23, 6, 2025, 575, 0, '4392/2025', 40, 9, 1325),
(321, 23, 6, 2025, 575, 0, '4393/2025', 34, 9, 1325),
(322, 23, 6, 2025, 575, 0, '4394/2025', 19, 9, 1325),
(323, 23, 6, 2025, 0, 0, '4395/2025', 27, 17, 360),
(324, 23, 6, 2025, 0, 0, '4396/2025', 59, 17, 200),
(325, 23, 6, 2025, 0, 0, '4397/2025', 103, 79, 2250),
(326, 23, 6, 2025, 375, 0, '4398/2025', 40, 27, 1125),
(327, 23, 6, 2025, 575, 0, '4399/2025', 34, 9, 1325),
(328, 23, 6, 2025, 0, 0, '4400/2025', 130, 109, 360),
(329, 23, 6, 2025, 575, 0, '4401/2025', 19, 9, 1325),
(330, 23, 6, 2025, 0, 0, '4402/2025', 131, 109, 630),
(331, 24, 6, 2025, 0, 0, '4403/2025', 132, 19, 540),
(332, 24, 6, 2025, 0, 0, '4404/2025', 14, 6, 1955),
(333, 23, 6, 2025, 0, 0, '4405/2025', 94, 37, 1360),
(334, 24, 6, 2025, 0, 0, '4406/2025', 103, 79, 1250),
(335, 24, 6, 2025, 0, 10, '4407/2025', 32, 20, 270),
(336, 24, 6, 2025, 575, 0, '4408/2025', 19, 9, 1325),
(337, 24, 6, 2025, 0, 0, '4409/2025', 31, 18, 2415),
(338, 24, 6, 2025, 575, 0, '4410/2025', 34, 9, 1325),
(339, 24, 6, 2025, 0, 0, '4411/2025', 133, 110, 400),
(340, 24, 6, 2025, 0, 0, '4412/2025', 80, 70, 480),
(341, 24, 6, 2025, 0, 0, '4413/2025', 94, 37, 1360),
(342, 24, 6, 2025, 575, 0, '4414/2025', 19, 9, 1325),
(343, 24, 6, 2025, 0, 0, '4415/2025', 83, 71, 180),
(344, 24, 6, 2025, 575, 0, '4416/2025', 34, 9, 1325),
(345, 24, 6, 2025, 0, 0, '4417/2025', 135, 41, 200),
(346, 24, 6, 2025, 0, 0, '4418/2025', 94, 37, 1360),
(347, 24, 6, 2025, 500, 0, '4419/2025', 19, 75, 1500),
(348, 24, 6, 2025, 0, 0, '4420/2025', 103, 79, 1250),
(349, 24, 6, 2025, 575, 0, '4421/2025', 34, 9, 1325),
(350, 24, 6, 2025, 0, 0, '4422/2025', 94, 37, 1360),
(351, 24, 6, 2025, 375, 0, '4423/2025', 40, 27, 1125),
(352, 24, 6, 2025, 0, 0, '4424/2025', 14, 6, 1955),
(353, 24, 6, 2025, 500, 0, '4425/2025', 19, 75, 1500),
(354, 24, 6, 2025, 0, 0, '4426/2025', 77, 67, 180),
(355, 24, 6, 2025, 375, 0, '4427/2025', 40, 27, 1125),
(356, 24, 6, 2025, 0, 0, '4428/2025', 94, 37, 2500),
(357, 24, 6, 2025, 0, 0, '4429/2025', 18, 6, 1955),
(358, 24, 6, 2025, 575, 0, '4430/2025', 34, 9, 1325),
(359, 23, 6, 2025, 0, 0, '4431/2025', 77, 67, 60),
(360, 24, 6, 2025, 0, 0, '4432/2025', 83, 71, 90),
(361, 24, 6, 2025, 500, 0, '4433/2025', 19, 75, 1500),
(362, 24, 6, 2025, 0, 0, '4434/2025', 31, 18, 1840),
(363, 24, 6, 2025, 375, 0, '4435/2025', 40, 27, 1125),
(364, 24, 6, 2025, 0, 0, '4436/2025', 103, 79, 1250),
(365, 24, 6, 2025, 575, 0, '4437/2025', 34, 9, 1325),
(366, 24, 6, 2025, 375, 0, '4438/2025', 19, 27, 1125),
(367, 25, 6, 2025, 0, 0, '4439/2025', 14, 6, 1955),
(368, 25, 6, 2025, 0, 0, '4440/2025', 18, 6, 1955),
(369, 25, 6, 2025, 0, 0, '4441/2025', 122, 103, 400),
(370, 25, 6, 2025, 500, 0, '4442/2025', 40, 75, 1750),
(371, 25, 6, 2025, 500, 0, '4443/2025', 19, 75, 3000),
(372, 25, 6, 2025, 0, 0, '4444/2025', 23, 14, 270),
(373, 25, 6, 2025, 0, 0, '4445/2025', 132, 19, 980),
(374, 25, 6, 2025, 0, 0, '4446/2025', 139, 63, 600),
(375, 25, 6, 2025, 0, 0, '4447/2025', 22, 11, 360),
(376, 25, 6, 2025, 500, 0, '4448/2025', 34, 75, 1500),
(377, 25, 6, 2025, 0, 0, '4449/2025', 72, 5, 200),
(378, 25, 6, 2025, 0, 0, '4450/2025', 62, 55, 360),
(379, 25, 6, 2025, 500, 0, '4451/2025', 19, 75, 1500),
(380, 25, 6, 2025, 0, 0, '4452/2025', 94, 37, 1360),
(381, 25, 6, 2025, 575, 0, '4453/2025', 40, 9, 1325),
(382, 25, 6, 2025, 0, 0, '4454/2025', 103, 79, 1250),
(383, 25, 6, 2025, 1400, 0, '4455/2025', 34, 113, 3650),
(384, 25, 6, 2025, 0, 0, '4456/2025', 31, 18, 2415),
(385, 25, 6, 2025, 0, 0, '4457/2025', 77, 67, 360),
(386, 25, 6, 2025, 0, 0, '4458/2025', 94, 37, 1360),
(387, 25, 6, 2025, 575, 0, '4459/2025', 40, 9, 1325),
(388, 25, 6, 2025, 500, 0, '4460/2025', 19, 114, 1250),
(389, 25, 6, 2025, 0, 0, '4461/2025', 130, 109, 360),
(390, 25, 6, 2025, 0, 0, '4462/2025', 14, 6, 1955),
(391, 25, 6, 2025, 0, 0, '4463/2025', 18, 6, 1955),
(392, 25, 6, 2025, 500, 0, '4464/2025', 19, 114, 1250),
(393, 25, 6, 2025, 0, 0, '4465/2025', 90, 65, 1000),
(394, 25, 6, 2025, 0, 0, '4466/2025', 136, 63, 480),
(395, 25, 6, 2025, 0, 0, '4467/2025', 94, 37, 1360),
(396, 25, 6, 2025, 0, 0, '4468/2025', 140, 93, 960),
(397, 25, 6, 2025, 1400, 0, '4469/2025', 34, 113, 3025),
(398, 25, 6, 2025, 0, 0, '4470/2025', 77, 67, 240),
(399, 25, 6, 2025, 575, 0, '4471/2025', 40, 9, 1325),
(400, 25, 6, 2025, 0, 0, '4472/2025', 83, 71, 90),
(401, 25, 6, 2025, 575, 0, '4473/2025', 19, 9, 1325),
(402, 25, 6, 2025, 0, 0, '4474/2025', 77, 67, 60),
(403, 25, 6, 2025, 0, 0, '4475/2025', 103, 79, 1750),
(404, 26, 6, 2025, 0, 0, '4476/2025', 18, 6, 1955),
(405, 26, 6, 2025, 500, 0, '4477/2025', 19, 114, 1250),
(406, 26, 6, 2025, 0, 6, '4478/2025', 69, 58, 450),
(407, 26, 6, 2025, 0, 0, '4479/2025', 64, 56, 180),
(408, 26, 6, 2025, 0, 0, '4480/2025', 142, 115, 360),
(409, 26, 6, 2025, 1400, 0, '4481/2025', 19, 92, 3650),
(410, 26, 6, 2025, 0, 0, '4482/2025', 64, 56, 180),
(411, 26, 6, 2025, 0, 0, '4483/2025', 103, 79, 1250),
(412, 26, 6, 2025, 0, 0, '4484/2025', 31, 18, 2415),
(413, 26, 6, 2025, 0, 0, '4485/2025', 22, 11, 360),
(414, 26, 6, 2025, 250, 0, '4486/2025', 40, 131, 2500),
(415, 26, 6, 2025, 0, 0, '4487/2025', 144, 58, 1000),
(416, 26, 6, 2025, 500, 0, '4488/2025', 40, 117, 1000),
(417, 26, 6, 2025, 0, 0, '4489/2025', 18, 6, 1955),
(418, 26, 6, 2025, 1500, 0, '4490/2025', 19, 92, 2750),
(419, 26, 6, 2025, 500, 0, '4491/2025', 40, 117, 1000),
(420, 26, 6, 2025, 0, 0, '4492/2025', 56, 46, 200),
(421, 26, 6, 2025, 0, 0, '4493/2025', 94, 37, 1360),
(422, 26, 6, 2025, 500, 0, '4494/2025', 40, 117, 1000),
(423, 26, 6, 2025, 500, 0, '4495/2025', 34, 114, 1250),
(424, 26, 6, 2025, 0, 0, '4496/2025', 145, 118, 200),
(425, 26, 6, 2025, 0, 0, '4497/2025', 44, 34, 360),
(426, 26, 6, 2025, 0, 0, '4498/2025', 46, 36, 200),
(427, 27, 6, 2025, 1400, 0, '4499/2025', 19, 92, 3650),
(428, 27, 6, 2025, 500, 0, '4500/2025', 40, 117, 2750),
(429, 27, 6, 2025, 0, 0, '4501/2025', 103, 79, 2250),
(430, 27, 6, 2025, 0, 0, '4502/2025', 18, 6, 1955),
(431, 27, 6, 2025, 0, 0, '4503/2025', 96, 15, 360),
(432, 27, 6, 2025, 0, 0, '4504/2025', 132, 19, 630),
(433, 27, 6, 2025, 0, 0, '4505/2025', 146, 113, 280),
(434, 27, 6, 2025, 500, 0, '4506/2025', 40, 117, 1000),
(435, 27, 6, 2025, 0, 0, '4507/2025', 94, 37, 1360),
(436, 27, 6, 2025, 500, 0, '4508/2025', 34, 117, 1000),
(437, 27, 6, 2025, 0, 0, '4509/2025', 26, 16, 480),
(438, 27, 6, 2025, 0, 0, '4510/2025', 147, 119, 180),
(439, 27, 6, 2025, 0, 0, '4511/2025', 148, 120, 480),
(440, 27, 6, 2025, 375, 0, '4512/2025', 40, 121, 1125),
(441, 27, 6, 2025, 0, 0, '4513/2025', 31, 18, 2415),
(442, 27, 6, 2025, 0, 0, '4514/2025', 149, 24, 540),
(443, 27, 6, 2025, 0, 0, '4515/2025', 46, 36, 200),
(444, 27, 6, 2025, 1500, 0, '4516/2025', 19, 92, 2750),
(445, 27, 6, 2025, 375, 0, '4517/2025', 40, 121, 1125),
(446, 27, 6, 2025, 0, 0, '4518/2025', 103, 79, 1250),
(447, 27, 6, 2025, 0, 0, '4519/2025', 18, 6, 1955),
(448, 27, 6, 2025, 0, 0, '4520/2025', 34, 122, 2500),
(449, 27, 6, 2025, 0, 0, '4521/2025', 40, 24, 750),
(450, 27, 6, 2025, 0, 0, '4522/2025', 149, 24, 540),
(451, 27, 6, 2025, 500, 0, '4523/2025', 40, 114, 1250),
(452, 27, 6, 2025, 0, 0, '4524/2025', 44, 34, 360),
(453, 27, 6, 2025, 0, 0, '4525/2025', 149, 24, 540),
(454, 27, 6, 2025, 0, 0, '4526/2025', 19, 122, 2500),
(455, 28, 6, 2025, 0, 0, '4527/2025', 103, 79, 1250),
(456, 18, 6, 2025, 0, 0, '4528/2025', 26, 16, 480),
(457, 28, 6, 2025, 0, 0, '4529/2025', 22, 11, 360),
(458, 28, 6, 2025, 500, 0, '4530/2025', 40, 114, 1250),
(459, 28, 6, 2025, 0, 0, '4531/2025', 147, 119, 480),
(460, 28, 6, 2025, 0, 0, '4532/2025', NULL, 67, 200),
(461, 28, 6, 2025, 1500, 0, '4533/2025', 34, 92, 2750),
(462, 28, 6, 2025, 0, 0, '4534/2025', 83, 71, 1200),
(463, 28, 6, 2025, 0, 0, '4535/2025', 60, 51, 360),
(464, 28, 6, 2025, 0, 0, '4536/2025', 31, 18, 1840),
(465, 28, 6, 2025, 0, 0, '4537/2025', 18, 6, 1955),
(466, 28, 6, 2025, 0, 0, '4538/2025', 87, 76, 200),
(467, 28, 6, 2025, 0, 0, '4539/2025', 111, 22, 360),
(468, 28, 6, 2025, 0, 0, '4540/2025', 40, 24, 750),
(469, 28, 6, 2025, 0, 0, '4541/2025', 46, 36, 200),
(470, 28, 6, 2025, 0, 0, '4542/2025', 86, 73, 360),
(471, 28, 6, 2025, 0, 0, '4543/2025', 94, 37, 1360),
(472, 28, 6, 2025, 0, 0, '4544/2025', 150, 24, 270),
(473, 28, 6, 2025, 0, 0, '4545/2025', 40, 24, 750),
(474, 28, 6, 2025, 0, 0, '4546/2025', 46, 36, 200),
(475, 28, 6, 2025, 1200, 0, '4547/2025', 34, 52, 3200),
(476, 28, 6, 2025, 0, 0, '4548/2025', 114, 32, 360),
(477, 28, 6, 2025, 0, 0, '4549/2025', 23, 14, 1620),
(478, 28, 6, 2025, 0, 0, '4550/2025', 151, 123, 360),
(479, 28, 6, 2025, 0, 0, '4551/2025', 40, 24, 750),
(480, 28, 6, 2025, 0, 0, '4552/2025', 46, 36, 200),
(481, 28, 6, 2025, 0, 0, '4553/2025', 150, 24, 270),
(482, 28, 6, 2025, 0, 0, '4554/2025', 148, 120, 280),
(483, 28, 6, 2025, 1400, 0, '4555/2025', 19, 92, 3650),
(484, 30, 6, 2025, 0, 0, '4556/2025', 22, 11, 360),
(485, 28, 6, 2025, 0, 0, '4557/2025', 23, 14, 810),
(486, 30, 6, 2025, 0, 10, '4558/2025', 32, 20, 270),
(487, 28, 6, 2025, 0, 0, '4559/2025', 152, 124, 200),
(488, 30, 6, 2025, 0, 0, '4560/2025', 46, 36, 200),
(489, 30, 6, 2025, 500, 0, '4561/2025', 40, 114, 1250),
(490, 30, 6, 2025, 0, 0, '4562/2025', 61, 53, 100),
(491, 30, 6, 2025, 0, 0, '4563/2025', 35, 22, 630),
(492, 28, 6, 2025, 500, 0, '4564/2025', 40, 114, 1250),
(493, 30, 6, 2025, 0, 0, '4565/2025', 34, 30, 7000),
(494, 28, 6, 2025, 0, 0, '4566/2025', 63, 17, 480),
(495, 28, 6, 2025, 0, 0, '4567/2025', 154, 22, 360),
(496, 28, 6, 2025, 0, 0, '4568/2025', 155, 125, 1000),
(497, 28, 6, 2025, 0, 0, '4569/2025', 156, 105, 200),
(498, 28, 6, 2025, 0, 0, '4570/2025', 94, 37, 1360),
(499, 28, 6, 2025, 375, 0, '4571/2025', 40, 24, 1125),
(500, 28, 6, 2025, 0, 0, '4572/2025', 59, 17, 200),
(501, 28, 6, 2025, 500, 0, '4573/2025', 40, 114, 1250),
(502, 30, 6, 2025, 375, 0, '4574/2025', 40, 24, 1125),
(503, 30, 6, 2025, 1500, 0, '4575/2025', 19, 92, 2750),
(504, 30, 6, 2025, 0, 0, '4576/2025', 18, 6, 1955),
(505, 30, 6, 2025, 0, 0, '4577/2025', 89, 78, 630);

INSERT INTO `bon` (`id`, `jour`, `mois`, `annee`, `transport`, `remise`, `numero`, `vehiculeId`, `clientId`, `montant`) VALUES
(506, 30, 6, 2025, 0, 0, '4578/2025', 94, 37, 1360),
(507, 30, 6, 2025, 0, 0, '4579/2025', 87, 76, 200),
(508, 30, 6, 2025, 0, 0, '4580/2025', 83, 71, 180),
(509, 30, 6, 2025, 500, 0, '4581/2025', 40, 117, 1000),
(510, 30, 6, 2025, 0, 0, '4582/2025', 64, 56, 180),
(511, 30, 6, 2025, 0, 0, '4583/2025', 157, 47, 1000),
(512, 30, 6, 2025, 0, 0, '4584/2025', 88, 77, 360),
(513, 30, 6, 2025, 0, 0, '4585/2025', 132, 19, 630),
(514, 30, 6, 2025, 1400, 0, '4586/2025', 19, 92, 3650),
(515, 30, 6, 2025, 0, 0, '4587/2025', 11, 4, 360),
(516, 30, 6, 2025, 500, 0, '4588/2025', 40, 117, 1000),
(517, 30, 6, 2025, 500, 0, '4589/2025', 40, 117, 1000),
(518, 30, 6, 2025, 0, 0, '4590/2025', 18, 6, 1955),
(519, 30, 6, 2025, 0, 0, '4591/2025', 40, 24, 750),
(520, 30, 6, 2025, 0, 0, '4592/2025', 94, 37, 1360),
(521, 30, 6, 2025, 500, 0, '4593/2025', 40, 75, 1500),
(522, 30, 6, 2025, 0, 0, '4594/2025', 34, 30, 32000),
(523, 1, 7, 2025, 0, 0, '4595/2025', 94, 37, 1700),
(524, 1, 7, 2025, 0, 0, '4596/2025', 146, 113, 360),
(525, 1, 7, 2025, 0, 0, '4597/2025', 14, 6, 1955),
(526, 1, 7, 2025, 500, 0, '4598/2025', 40, 75, 1500),
(527, 1, 7, 2025, 500, 0, '4599/2025', 158, 126, 1750),
(528, 1, 7, 2025, 0, 0, '4600/2025', 31, 18, 1840),
(529, 1, 7, 2025, 500, 0, '4601/2025', 19, 75, 1500),
(530, 1, 7, 2025, 500, 0, '4602/2025', 40, 75, 1500),
(531, 1, 7, 2025, 575, 0, '4603/2025', 19, 9, 1325),
(532, 1, 7, 2025, 0, 0, '4604/2025', 159, 4, 360),
(533, 1, 7, 2025, 0, 0, '4605/2025', 94, 37, 1360),
(534, 1, 7, 2025, 0, 0, '4606/2025', 87, 76, 60),
(535, 1, 7, 2025, 0, 0, '4607/2025', 79, 69, 3000),
(536, 21, 7, 2025, 0, 0, '4608/2025', 28, 17, 360),
(537, 1, 7, 2025, 0, 0, '4609/2025', 72, 5, 200),
(538, 1, 7, 2025, 500, 0, '4610/2025', 19, 75, 1500),
(539, 1, 7, 2025, 500, 0, '4611/2025', 40, 75, 1500),
(540, 1, 7, 2025, 0, 0, '4612/2025', 22, 11, 360),
(541, 1, 7, 2025, 0, 0, '4613/2025', 83, 71, 90),
(542, 1, 7, 2025, 0, 0, '4614/2025', 80, 70, 360),
(543, 1, 7, 2025, 0, 0, '4615/2025', 14, 6, 1955),
(544, 1, 7, 2025, 0, 0, '4616/2025', 160, 27, 480),
(545, 1, 7, 2025, 0, 0, '4617/2025', 94, 37, 1360),
(546, 1, 7, 2025, 0, 0, '4618/2025', 86, 73, 360),
(547, 1, 7, 2025, 500, 0, '4619/2025', 40, 117, 1000),
(548, 1, 7, 2025, 0, 0, '4620/2025', 87, 76, 60),
(549, 1, 7, 2025, 0, 0, '4621/2025', 88, 77, 180),
(550, 1, 7, 2025, 0, 0, '4622/2025', 94, 37, 1360),
(551, 1, 7, 2025, 0, 0, '4623/2025', 14, 6, 1955),
(552, 2, 7, 2025, 0, 0, '4624/2025', 18, 6, 1955),
(553, 2, 7, 2025, 0, 0, '4625/2025', 103, 79, 1250),
(554, 2, 7, 2025, 0, 0, '4626/2025', 31, 18, 1840),
(555, 2, 7, 2025, 0, 0, '4627/2025', 34, 113, 1250),
(556, 2, 7, 2025, 500, 0, '4628/2025', 40, 127, 1200),
(557, 2, 7, 2025, 500, 0, '4629/2025', 40, 127, 1200),
(558, 2, 7, 2025, 0, 0, '4630/2025', 91, 80, 280),
(559, 2, 7, 2025, 500, 0, '4631/2025', 19, 127, 1200),
(560, 2, 7, 2025, 0, 0, '4632/2025', 161, 80, 480),
(561, 2, 7, 2025, 0, 0, '4633/2025', 91, 80, 560),
(562, 2, 7, 2025, 500, 0, '4634/2025', 40, 127, 1200),
(563, 2, 7, 2025, 0, 0, '4635/2025', 161, 80, 240),
(564, 2, 7, 2025, 0, 0, '4636/2025', 91, 80, 280),
(565, 2, 7, 2025, 500, 0, '4637/2025', 19, 127, 1200),
(566, 2, 7, 2025, 0, 0, '4638/2025', 91, 80, 280),
(567, 2, 7, 2025, 500, 0, '4639/2025', 40, 117, 1000),
(568, 2, 7, 2025, 0, 0, '4640/2025', 88, 77, 120),
(569, 2, 7, 2025, 0, 0, '4641/2025', 161, 80, 480),
(570, 2, 7, 2025, 500, 0, '4642/2025', 19, 117, 2750),
(571, 2, 7, 2025, 1500, 0, '4643/2025', 34, 62, 2000),
(572, 2, 7, 2025, 0, 0, '4644/2025', 99, 87, 360),
(573, 2, 7, 2025, 0, 0, '4645/2025', 18, 6, 1955),
(574, 3, 7, 2025, 500, 0, '4646/2025', 40, 117, 1000),
(575, 3, 7, 2025, 0, 0, '4647/2025', 103, 79, 2250),
(576, 3, 7, 2025, 500, 0, '4648/2025', 40, 75, 1500),
(577, 3, 7, 2025, 0, 0, '4649/2025', 18, 6, 1955),
(578, 3, 7, 2025, 500, 0, '4650/2025', 34, 117, 1000),
(579, 3, 7, 2025, 500, 0, '4651/2025', 19, 75, 1500),
(580, 3, 7, 2025, 0, 2, '4652/2025', 32, 20, 270),
(581, 3, 7, 2025, 500, 0, '4653/2025', 40, 75, 1500),
(582, 3, 7, 2025, 500, 0, '4654/2025', 19, 75, 1500),
(583, 3, 7, 2025, 0, 0, '4655/2025', 88, 77, 120),
(584, 3, 7, 2025, 0, 0, '4656/2025', 162, 128, 480),
(585, 3, 7, 2025, 0, 0, '4657/2025', 163, 129, 840),
(586, 3, 7, 2025, 0, 0, '4658/2025', 83, 71, 180),
(587, 3, 7, 2025, 0, 0, '4659/2025', 59, 17, 360),
(588, 3, 7, 2025, 0, 0, '4660/2025', 91, 80, 280),
(589, 3, 7, 2025, 0, 0, '4661/2025', 161, 80, 480),
(590, 3, 7, 2025, 375, 0, '4662/2025', 34, 27, 1125),
(591, 3, 7, 2025, 0, 0, '4663/2025', 164, 103, 720),
(592, 3, 7, 2025, 500, 0, '4664/2025', 40, 127, 1200),
(593, 3, 7, 2025, 0, 0, '4665/2025', 91, 80, 560),
(594, 3, 7, 2025, 500, 0, '4666/2025', 19, 127, 1200),
(595, 3, 7, 2025, 500, 0, '4667/2025', 34, 75, 1500),
(596, 3, 7, 2025, 0, 0, '4668/2025', 23, 14, 270),
(597, 3, 7, 2025, 0, 0, '4669/2025', 165, 17, 350),
(599, 3, 7, 2025, 375, 0, '4670/2025', 40, 130, 1125),
(600, 3, 7, 2025, 375, 0, '4671/2025', 19, 130, 1125),
(601, 3, 7, 2025, 500, 0, '4672/2025', 34, 75, 1500),
(602, 3, 7, 2025, 375, 0, '4673/2025', 40, 130, 1375),
(603, 3, 7, 2025, 375, 0, '4674/2025', 19, 130, 1125),
(604, 3, 7, 2025, 0, 0, '4675/2025', 88, 77, 60),
(605, 3, 7, 2025, 0, 0, '4676/2025', 103, 79, 1250),
(606, 3, 7, 2025, 0, 0, '4677/2025', 22, 11, 360),
(607, 3, 7, 2025, 0, 0, '4678/2025', 164, 103, 900),
(608, 3, 7, 2025, 0, 0, '4679/2025', 157, 47, 2250),
(609, 3, 7, 2025, 0, 0, '4680/2025', 166, 1, 180),
(610, 4, 7, 2025, 500, 0, '4681/2025', 40, 127, 1200),
(611, 4, 7, 2025, 500, 0, '4682/2025', 19, 127, 1200),
(612, 4, 7, 2025, 0, 0, '4683/2025', 167, 93, 400),
(613, 4, 7, 2025, 0, 0, '4684/2025', 87, 76, 200),
(614, 4, 7, 2025, 0, 0, '4685/2025', 31, 18, 1840),
(615, 4, 7, 2025, 0, 0, '4686/2025', 11, 4, 360),
(616, 4, 7, 2025, 375, 0, '4687/2025', 40, 130, 1125),
(617, 4, 7, 2025, 375, 0, '4688/2025', 19, 130, 1125),
(618, 4, 7, 2025, 0, 0, '4689/2025', 103, 79, 2250),
(619, 4, 7, 2025, 0, 0, '4690/2025', 46, 36, 600),
(620, 4, 7, 2025, 0, 0, '4691/2025', 164, 103, 900),
(621, 4, 7, 2025, 0, 0, '4692/2025', 132, 19, 630),
(622, 4, 7, 2025, 0, 0, '4693/2025', 83, 71, 180),
(623, 22, 7, 2025, 0, 0, '4694/2025', 11, 4, 360),
(624, 4, 7, 2025, 0, 0, '4695/2025', 18, 6, 2125),
(625, 4, 7, 2025, 0, 0, '4696/2025', 40, 106, 1500),
(626, 4, 7, 2025, 0, 0, '4697/2025', 130, 109, 360),
(627, 4, 7, 2025, 0, 0, '4698/2025', 163, 129, 455),
(628, 4, 7, 2025, 0, 0, '4699/2025', 51, 41, 360),
(629, 4, 7, 2025, 375, 0, '4700/2025', 19, 130, 1125),
(630, 4, 7, 2025, 0, 0, '4701/2025', 64, 56, 180),
(631, 4, 7, 2025, 0, 0, '4702/2025', 22, 11, 320),
(632, 4, 7, 2025, 0, 0, '4703/2025', 163, 129, 630),
(634, 26, 7, 2025, 0, 0, '4704/2025', 19, 117, 500),
(635, 26, 7, 2025, 0, 0, '4705/2025', 19, 117, 500);

INSERT INTO `bon_charge` (`id`, `numero`, `dateEmission`, `type`, `numeroRef`, `fournisseurId`, `montant`) VALUES
(1, '1/2025', '2025-07-20', 'Facture', '700/009', 1, 0),
(3, '2/2025', '2025-07-20', 'Facture', '235Y99', 1, 0),
(4, '3/2025', '2025-07-27', 'Bon de livraison', '1354', 1, 0),
(5, '4/2025', '2020-07-20', 'Facture', '1520', 1, 0),
(8, '5/2025', '2025-07-29', 'Facture', '1223', 1, 0);

INSERT INTO `carburant` (`id`, `compteur`, `liters`, `unitPrice`, `date`, `vehiculeId`, `salarieId`, `numero`) VALUES
(2, 1025150, 600.00, 11.20, '2025-06-30', 19, 1, '1'),
(3, 1025150, 600.00, 11.20, '2025-07-31', 19, 1, '1');

INSERT INTO `charge` (`id`, `motif`, `date`, `paye`, `montant`, `created_at`, `updated_at`, `type`, `fournisseurId`) VALUES
(4, 'no motif', '2025-07-26', 1, 500.00, '2025-07-26 22:49:27.535196', '2025-07-26 23:28:23.000000', 'LCN', 1),
(5, 'test', '2025-07-26', 0, 600.00, '2025-07-26 23:34:35.532835', '2025-07-26 23:34:35.532835', 'check', 1),
(8, 'Bon de charge n5/2025', '2025-07-29', 1, 100.00, '2025-07-29 20:50:37.273895', '2025-07-29 20:50:37.273895', 'Espce', 1);

INSERT INTO `check` (`id`, `checkNumber`, `amount`, `date`, `encaisse`, `createdAt`, `updatedAt`, `clientId`, `type`, `fournisseurId`) VALUES
(2, '14555', 500.00, '2025-07-31', 0, '2025-07-25 22:40:52.810866', '2025-07-27 22:45:01.379020', 117, 'client', NULL),
(3, '126689FTG', 500.00, '2025-07-28', 0, '2025-07-26 21:39:17.198992', '2025-07-27 22:36:33.858943', 117, 'client', NULL),
(4, '152D932', 600.00, '2025-07-26', 0, '2025-07-26 23:34:35.618724', '2025-07-27 22:46:21.342154', NULL, 'fournisseur', 1);

INSERT INTO `client` (`id`, `name`, `type`, `identifiant`) VALUES
(1, 'LHOUSSINE', 'Particulier', ''),
(4, 'SAID AZEROUAL', '0', ' '),
(5, 'SADQI', '0', NULL),
(6, 'STE AMI FIDEL ', 'Socit', NULL),
(9, 'T.T.G.C.M', 'Socit', NULL),
(11, 'LHAJ HADOU ', '0', NULL),
(14, 'STE REFORMAN', 'Socit', NULL),
(15, 'BAHEDDI', '0', NULL),
(16, 'HMAD OAABOU', '0', NULL),
(17, 'MOHAMED', '0', NULL),
(18, 'AMRABTI ', '0', NULL),
(19, 'OMAR', '0', NULL),
(20, 'ABDELMAJID BACHIRI', '0', NULL),
(21, 'STE SOHOTRA', 'Socit', NULL),
(22, 'LHOUSSINE AIT LAARBI ', '0', NULL),
(24, 'SOLBI', '0', NULL),
(27, 'ALAOUI YOUNESS', '0', NULL),
(28, 'HADANI', '0', NULL),
(29, 'BANGLADICH', '0', NULL),
(30, 'STE SOR TRAC', 'Socit', NULL),
(32, 'IBRAHIME ', '0', NULL),
(34, 'IBRAHIME AIT AAISSA ', '0', NULL),
(35, 'HADONNE MOHAMED ', '0', NULL),
(36, 'MLY YOUSSEF LOMARI ', '0', NULL),
(37, 'STE CERAMICA', 'Socit', NULL),
(38, 'STE CERAMICA', 'Socit', NULL),
(39, 'SMAIL AZARWAL ', '0', NULL),
(40, 'SMAIL AZARWAL ', '0', NULL),
(41, 'HICHAM ', '0', NULL),
(42, 'MOURAD', '0', NULL),
(43, 'HAMID AZARWAL ', '0', NULL),
(44, 'HAMID AZARWAL ', '0', NULL),
(45, 'BEN AALAL MOHAMED', '0', NULL),
(46, 'AZRIWIL', '0', NULL),
(47, 'HAMANI RISSANI', '0', NULL),
(49, 'LAHSSANE ', '0', NULL),
(51, 'HAHIOUI RACHID', '0', NULL),
(52, 'ABDELMALAK BOUDNIB ', '0', NULL),
(53, 'ALI', '0', NULL),
(55, 'OUHSSAYNE DAHOUCH ', '0', NULL),
(56, 'AZIZ ', '0', NULL),
(57, 'LAKHOUITI', '0', NULL),
(58, 'ABDERRAHIME ', '0', NULL),
(59, 'TARIK ', '0', NULL),
(60, 'MOHA', '0', NULL),
(62, 'BAMOU BOUDNIB', '0', NULL),
(63, 'SAID', '0', NULL),
(65, 'BAHRI ARFOUD', '0', NULL),
(66, 'ABDELMAJID', '0', NULL),
(67, 'OUBOUBOU', '0', NULL),
(69, 'AYOUBI ABDELLATEF ', '0', NULL),
(70, 'FZOU', '0', NULL),
(71, 'STE ORBO TRAVAUX ', 'Socit', NULL),
(72, 'LALAOUI LOMRANE ', '0', NULL),
(73, 'KOUBAA', '0', NULL),
(75, 'GUID TRAVAUX ', '0', NULL),
(76, 'ABDELKBIRE ', '0', NULL),
(77, 'OUFROUKH', '0', NULL),
(78, 'OUKHADJOU ', '0', NULL),
(79, 'BOUSAID ', '0', NULL),
(80, 'STE SOBATRANE', 'Socit', NULL),
(81, 'STE TARRICHT ', 'Socit', NULL),
(82, 'LFAHAME ', '0', NULL),
(83, 'LBAHRI ', '0', NULL),
(84, 'LBAHRI ', '0', NULL),
(85, 'CHARKI ', '0', NULL),
(87, 'LAARMI ', '0', NULL),
(89, 'KATE EQUIPEMENT', 'Socit', NULL),
(91, 'STE LOUALI FRERE ', 'Socit', NULL),
(92, 'STE TIN FATI SARL ', 'Socit', NULL),
(93, 'IMADE ', '0', NULL),
(94, 'LAKHLAFA ', '0', NULL),
(95, 'KHALID AZARWAL', '0', NULL),
(97, 'DUIRI YOUSSEF', '0', NULL),
(98, 'STE LONALI FRERE ', 'Socit', NULL),
(100, 'OULGHAZI ', '0', NULL),
(102, 'LHAJ OMAR GOOD ', '0', NULL),
(103, 'KAMAL ', '0', NULL),
(105, 'BJK TRAVAUX ', '0', NULL),
(106, 'OUHAMOU JAAFARE', '0', NULL),
(108, 'HANAFI ', 'Particulier', NULL),
(109, 'STE OUBRAHIME ', 'Socit', NULL),
(110, 'SLIMANE ', '0', NULL),
(113, 'STE SEVIELEC ARFOUD ', 'Socit', NULL),
(114, 'STE BOUAZAMA TRAVAUX ', 'Socit', NULL),
(115, 'MBARAK ', '0', NULL),
(117, 'ABDELHAFID ', '0', NULL),
(118, 'BRAHIME AZARWAL ', '0', NULL),
(119, 'ALMAHDAOUI ', '0', NULL),
(120, 'TAHARE', '0', NULL),
(121, 'MAJRANE ', '0', NULL),
(122, 'STE MAROC BATIMENT ', 'Socit', NULL),
(123, 'YOUSSEF ', '0', NULL),
(124, 'ISMAIL', '0', NULL),
(125, 'OUHAMOU HSSAYNE ', '0', NULL),
(126, 'DAWOUD ', 'Particulier', NULL),
(127, 'ERRAHMANI ', 'Particulier', NULL),
(128, 'IDIRE OUAABOU', 'Particulier', NULL),
(129, 'BOUGHANEME ZAKARIA', 'Particulier', NULL),
(130, 'STE ARWA', 'Socit', NULL),
(131, 'T.G.C.C', 'Socit', NULL);

INSERT INTO `depot` (`id`, `amount`, `date`) VALUES
(1, 5000.00, '2025-07-28');

INSERT INTO `destination` (`id`, `quantity`, `line_id`, `vehicle_id`, `machine_id`, `destination`, `date`, `type`) VALUES
(7, 3, 2, NULL, NULL, 'stock', '2025-07-24 13:46:54', NULL),
(8, 3, NULL, NULL, NULL, 'stock', '2025-07-25 22:23:25', NULL),
(9, 3, NULL, NULL, NULL, 'stock', '2025-07-25 22:23:25', NULL),
(10, 4, NULL, 19, NULL, 'vehicle', '2025-07-25 22:23:33', NULL),
(11, 3, 2, NULL, NULL, 'stock', '2025-07-25 22:23:25', NULL),
(12, 4, 2, 19, NULL, 'vehicle', '2025-07-25 22:23:33', NULL),
(13, 3, 2, NULL, 2, 'machine', '2025-07-25 22:23:41', NULL),
(14, 30, 4, NULL, NULL, 'stock', '2025-07-28 00:02:48', NULL);

INSERT INTO `devis` (`id`, `jour`, `mois`, `annee`, `transport`, `remise`, `deliveryAdress`, `statut`, `numero`, `notes`, `clientId`) VALUES
(2, 30, 7, 2025, 350, 0, 'mkljbhlkjb', 'En attente', '1/2025', NULL, 117);

INSERT INTO `entree` (`id`, `montant`, `type`, `date`, `clientId`) VALUES
(2, 7000, 'Espces', '25/07/2025', 117),
(3, 500, 'Espces', '25/07/2025', 117),
(4, 500, 'Chque', '2025-07-25', 117);

INSERT INTO `fournisseur` (`id`, `ice`, `nom`, `responsable`, `email`, `telephone`) VALUES
(1, '002344565467', 'Millenium Digital Solution', 'Amine youssoufi', 'contact@milleniumds.ma', '0676616626');

INSERT INTO `lcn` (`id`, `checklcnNumber`, `amount`, `date`, `encaisse`, `type`, `createdAt`, `updatedAt`, `clientId`, `fournisseurId`, `bank`) VALUES
(1, 'TEST', 500.00, '2025-07-26', 0, 'fournisseur', '2025-07-26 22:49:27.638278', '2025-07-27 22:36:24.164241', NULL, 1, 'BP');

INSERT INTO `ligne_bon` (`id`, `quantite`, `prix`, `produitId`, `bonId`) VALUES
(1, 1.00, 100.00, 1, NULL),
(3, 25.00, 40.00, 2, 2),
(4, 4.00, 90.00, 1, 3),
(5, 4.00, 50.00, 2, 4),
(6, 23.00, 85.00, 12, 5),
(7, 21.00, 85.00, 12, 6),
(8, 23.00, 85.00, 12, 7),
(9, 25.00, 30.00, 6, 8),
(10, 4.00, 90.00, 1, 9),
(11, 25.00, 30.00, 6, 10),
(12, 9.00, 15.00, 13, 11),
(13, 4.00, 90.00, 8, 12),
(14, 4.00, 90.00, 8, 13),
(15, 4.00, 50.00, 2, 14),
(16, 25.00, 30.00, 6, 15),
(17, 4.00, 50.00, 2, 16),
(18, 23.00, 50.00, 2, NULL),
(19, 4.00, 50.00, 2, 18),
(20, 25.00, 30.00, 6, 19),
(21, 23.00, 50.00, 2, NULL),
(22, 23.00, 50.00, 2, 17),
(23, 4.00, 75.00, 14, 20),
(24, 4.00, 50.00, 2, 21),
(25, 2.00, 90.00, 8, 22),
(26, 25.00, 30.00, 6, 23),
(27, 4.00, 90.00, 8, NULL),
(28, 7.00, 50.00, 15, 25),
(29, 23.00, 85.00, 11, 26),
(30, 25.00, 40.00, 7, 27),
(31, 25.00, 92.00, 8, 28),
(32, 7.00, 110.00, 17, 29),
(33, 4.00, 50.00, 2, 30),
(34, 25.00, 80.00, 11, 31),
(35, 4.00, 90.00, 8, 32),
(36, 25.00, 30.00, 6, 33),
(37, 10.00, 90.00, 8, 34),
(38, 125.00, 90.00, 17, 35),
(39, 23.00, 85.00, 12, 36),
(40, 25.00, 60.00, 2, 37),
(41, 25.00, 30.00, 7, 38),
(42, 4.00, 68.00, 11, 39),
(43, 4.00, 90.00, 8, 40),
(44, 25.00, 50.00, 2, NULL),
(45, 4.00, 68.00, 14, 42),
(46, 4.00, 50.00, 15, 43),
(47, 25.00, 110.00, 17, 44),
(48, 4.00, 90.00, 8, 45),
(49, 23.00, 85.00, 11, 46),
(50, 4.00, 88.00, 8, 47),
(51, 4.00, 50.00, 2, 48),
(52, 4.00, 90.00, 8, 49),
(53, 4.00, 50.00, 2, 49),
(54, 4.00, 50.00, 2, 50),
(55, 34.00, 40.00, 2, 51),
(56, 4.00, 50.00, 5, 52),
(57, 4.00, 90.00, 8, NULL),
(58, 25.00, 70.00, 14, 54),
(59, 75.00, 90.00, 17, 54),
(60, 25.00, 70.00, 11, 54),
(61, 25.00, 40.00, 7, 55),
(62, 8.00, 50.00, 2, 56),
(63, 34.00, 40.00, 2, 57),
(64, 4.00, 90.00, 8, 58),
(65, 34.00, 40.00, 2, 59),
(66, 25.00, 40.00, 15, 60),
(67, 25.00, 80.00, 8, 61),
(68, 25.00, 30.00, 6, NULL),
(69, 25.00, 40.00, 2, 63),
(70, 4.00, 50.00, 2, 64),
(71, 7.00, 50.00, 2, 65),
(72, 4.00, 68.00, 14, 66),
(73, 25.00, 40.00, 2, NULL),
(74, 4.00, 90.00, 8, 68),
(75, 4.00, 90.00, 8, 69),
(76, 4.00, 90.00, 8, 70),
(77, 25.00, 40.00, 2, 71),
(78, 4.00, 90.00, 8, 72),
(79, 2.00, 90.00, 8, 73),
(80, 2.00, 50.00, 2, 73),
(81, 25.00, 40.00, 2, 74),
(82, 25.00, 40.00, 2, 75),
(83, 25.00, 40.00, 2, 76),
(84, 25.00, 40.00, 2, 77),
(85, 4.00, 90.00, 8, 78),
(86, 4.00, 120.00, 17, 79),
(87, 4.00, 15.00, 13, NULL),
(88, 23.00, 110.00, 17, 81),
(89, 23.00, 45.83, 2, 82),
(90, 23.00, 105.00, 17, 83),
(91, 25.00, 80.00, 10, 84),
(92, 4.00, 90.00, 8, 85),
(93, 4.00, 50.00, 2, 86),
(94, 4.00, 90.00, 8, 87),
(95, 25.00, 45.00, 7, NULL),
(96, 4.00, 120.00, 19, 89),
(97, 2.00, 90.00, 1, 90),
(98, 18.00, 15.00, 13, 91),
(99, 4.00, 90.00, 8, 92),
(100, 4.00, 50.00, 2, 93),
(101, 4.00, 50.00, 15, 94),
(102, 4.00, 50.00, 2, 95),
(103, 4.00, 50.00, 16, 96),
(104, 4.00, 90.00, 8, NULL),
(105, 4.00, 90.00, 8, 98),
(106, 25.00, 12.00, 13, 99),
(107, 25.00, 120.00, 5, 100),
(108, 18.00, 15.00, 13, 101),
(109, 4.00, 90.00, 8, 102),
(110, 4.00, 50.00, 2, 103),
(111, 4.00, 70.00, 11, 104),
(112, 4.00, 50.00, 2, 105),
(113, 25.00, 50.00, 5, 106),
(114, 4.00, 90.00, 8, 107),
(115, 25.00, 40.00, 5, NULL),
(116, 4.00, 50.00, 2, 109),
(117, 4.00, 50.00, 2, 110),
(118, 4.00, 120.00, 19, 111),
(119, 23.00, 105.00, 17, 112),
(120, 4.00, 90.00, 8, 113),
(121, 4.00, 90.00, 8, 114),
(122, 4.00, 50.00, 2, 114),
(123, 4.00, 68.00, 14, 115),
(124, 25.00, 30.00, 7, 116),
(125, 25.00, 30.00, 7, 117),
(126, 2.00, 90.00, 8, 118),
(127, 23.00, 45.83, 5, 119),
(128, 23.00, 45.83, 2, 120),
(129, 25.00, 90.00, 8, 121),
(130, 23.00, 105.00, 17, NULL),
(131, 4.00, 50.00, 2, 123),
(132, 4.00, 120.00, 19, 124),
(133, 2.00, 90.00, 8, 125),
(134, 4.00, 68.00, 14, 126),
(135, 6.00, 15.00, 13, 127),
(136, 6.00, 15.00, 13, 128),
(137, 4.00, 88.00, 8, 129),
(138, 25.00, 45.00, 7, NULL),
(139, 25.00, 100.00, 17, 131),
(140, 2.00, 90.00, 8, 132),
(141, 2.00, 50.00, 2, 132),
(142, 4.00, 50.00, 2, 133),
(143, 4.00, 88.00, 8, 134),
(144, 25.00, 100.00, 8, 135),
(145, 4.00, 90.00, 8, 136),
(146, 2.00, 50.00, 2, 137),
(147, 4.00, 90.00, 8, 138),
(148, 4.00, 15.00, 13, 139),
(151, 25.00, 50.00, 16, 142),
(152, 23.00, 110.00, 17, 143),
(153, 25.00, 50.00, 2, 144),
(154, 3.00, 90.00, 8, 145),
(155, 3.00, 120.00, 19, 145),
(156, 25.00, 100.00, 17, NULL),
(157, 25.00, 102.00, 8, 147),
(158, 4.00, 15.00, 13, 148),
(159, 4.00, 50.00, 2, 149),
(160, 25.00, 100.00, 8, 150),
(161, 4.00, 50.00, 2, 151),
(162, 23.00, 80.00, 21, 152),
(163, 25.00, 40.00, 5, 153),
(164, 4.00, 50.00, 2, 154),
(165, 25.00, 30.00, 7, 155),
(166, 25.00, 30.00, 7, 156),
(167, 23.00, 110.00, 17, 157),
(168, 25.00, 30.00, 7, 158),
(169, 7.00, 80.00, 8, 159),
(170, 4.00, 90.00, 8, 160),
(171, 7.00, 80.00, 8, 161),
(172, 25.00, 50.00, 15, 162),
(173, 3.00, 90.00, 8, 163),
(174, 25.00, 50.00, 15, 164),
(175, 25.00, 40.00, 15, 165),
(176, 25.00, 120.00, 5, 166),
(177, 4.00, 90.00, 8, 167),
(178, 4.00, 15.00, 13, 168),
(179, 25.00, 50.00, 2, 169),
(180, 4.00, 15.00, 13, 170),
(181, 23.00, 45.83, 2, 171),
(182, 4.00, 15.00, 13, 172),
(183, 12.00, 15.00, 13, 173),
(184, 4.00, 90.00, 8, 174),
(185, 4.00, 50.00, 2, 175),
(186, 25.00, 30.00, 7, 176),
(187, 25.00, 100.00, 17, 177),
(188, 4.00, 90.00, 8, 178),
(189, 25.00, 50.00, 2, 179),
(190, 25.00, 50.00, 2, 180),
(191, 4.00, 50.00, 2, 181),
(192, 34.00, 40.00, 2, 182),
(193, 34.00, 40.00, 2, 183),
(194, 4.00, 90.00, 8, 184),
(195, 25.00, 30.00, 7, 185),
(196, 25.00, 30.00, 7, 186),
(197, 25.00, 90.00, 8, 187),
(198, 4.00, 90.00, 8, 188),
(199, 2.00, 90.00, 8, 189),
(200, 25.00, 40.00, 5, NULL),
(201, 4.00, 90.00, 8, 191),
(202, 34.00, 40.00, 2, 192),
(203, 25.00, 30.00, 7, 193),
(204, 25.00, 30.00, 7, 194),
(205, 34.00, 40.00, 2, 195),
(206, 4.00, 90.00, 8, 196),
(207, 25.00, 30.00, 7, 197),
(208, 4.00, 15.00, 13, 198),
(209, 25.00, 30.00, 7, 199),
(210, 34.00, 40.00, 2, 200),
(211, 4.00, 120.00, 17, 201),
(212, 4.00, 90.00, 8, 202),
(213, 2.00, 50.00, 2, 203),
(214, 25.00, 30.00, 7, 204),
(215, 25.00, 80.00, 8, 205),
(216, 6.00, 15.00, 13, 206),
(217, 4.00, 100.00, 17, 207),
(218, 34.00, 40.00, 2, 208),
(219, 25.00, 30.00, 7, 209),
(220, 23.00, 45.83, 5, 210),
(221, 5.00, 90.00, 8, 211),
(222, 5.00, 50.00, 2, 211),
(223, 6.00, 15.00, 13, 212),
(224, 25.00, 40.00, 5, 213),
(225, 4.00, 15.00, 13, 214),
(226, 25.00, 40.00, 5, 216),
(227, 34.00, 40.00, 2, 217),
(228, 25.00, 30.00, 7, NULL),
(229, 25.00, 30.00, 7, 219),
(230, 4.00, 50.00, 2, 220),
(231, 23.00, 105.00, 17, 221),
(232, 25.00, 40.00, 5, 222),
(233, 23.00, 85.00, 11, 223),
(234, 25.00, 30.00, 7, 224),
(235, 9.00, 15.00, 13, 225),
(236, 34.00, 40.00, 2, 226),
(237, 25.00, 30.00, 7, 227),
(238, 25.00, 30.00, 7, 228),
(239, 25.00, 30.00, 7, 229),
(240, 25.00, 30.00, 7, 230),
(241, 2.00, 90.00, 8, 231),
(242, 34.00, 40.00, 2, 232),
(243, 18.00, 15.00, 13, 233),
(244, 25.00, 30.00, 7, 234),
(245, 2.00, 90.00, 8, 235),
(246, 25.00, 30.00, 7, 236),
(247, 34.00, 40.00, 2, 237),
(248, 25.00, 30.00, 7, 238),
(249, 25.00, 50.00, 5, 239),
(250, 25.00, 30.00, 7, 240),
(251, 4.00, 15.00, 13, 241),
(252, 25.00, 40.00, 5, NULL),
(253, 23.00, 105.00, 17, 243),
(254, 25.00, 50.00, 2, NULL),
(255, 25.00, 92.00, 8, 245),
(256, 4.00, 120.00, 19, 246),
(257, 25.00, 30.00, 7, 247),
(258, 25.00, 90.00, 8, 248),
(259, 25.00, 40.00, 5, 249),
(260, 23.00, 105.00, 17, 250),
(261, 25.00, 30.00, 7, 251),
(262, 25.00, 50.00, 5, 252),
(263, 8.00, 50.00, 15, 253),
(264, 18.00, 15.00, 13, 254),
(265, 12.00, 15.00, 13, 255),
(266, 4.00, 50.00, 2, 256),
(267, 25.00, 40.00, 5, 257),
(268, 25.00, 30.00, 7, NULL),
(269, 4.00, 90.00, 8, 259),
(270, 4.00, 90.00, 8, 260),
(271, 4.00, 90.00, 8, 261),
(272, 2.00, 50.00, 2, 262),
(273, 25.00, 30.00, 7, 263),
(274, 4.00, 90.00, 8, 264),
(275, 6.00, 90.00, 8, 265),
(276, 4.00, 50.00, 5, 266),
(277, 25.00, 50.00, 2, 267),
(278, 25.00, 50.00, 2, 268),
(279, 25.00, 40.00, 5, 269),
(280, 4.00, 50.00, 2, 270),
(281, 4.00, 90.00, 8, 271),
(282, 4.00, 90.00, 8, 272),
(283, 2.00, 90.00, 8, 273),
(284, 25.00, 30.00, 7, 274),
(285, 2.00, 90.00, 8, 275),
(286, 2.00, 50.00, 2, 275),
(287, 25.00, 90.00, 8, 276),
(288, 25.00, 60.00, 2, 277),
(289, 34.00, 40.00, 2, 278),
(290, 25.00, 90.00, 8, NULL),
(291, 25.00, 90.00, 8, 280),
(292, 4.00, 50.00, 5, 281),
(293, 25.00, 40.00, 15, NULL),
(294, 25.00, 50.00, 2, 283),
(295, 4.00, 15.00, 13, 284),
(296, 23.00, 85.00, 12, 285),
(297, 7.00, 90.00, 8, 286),
(298, 25.00, 30.00, 7, 287),
(299, 18.00, 15.00, 13, 288),
(300, 25.00, 30.00, 7, 289),
(301, 7.00, 90.00, 8, 290),
(302, 2.00, 120.00, 17, 291),
(303, 25.00, 40.00, 5, 292),
(304, 8.00, 50.00, 15, 293),
(305, 25.00, 30.00, 7, 294),
(306, 23.00, 80.00, 14, 295),
(307, 4.00, 50.00, 2, 296),
(308, 25.00, 30.00, 7, 297),
(309, 4.00, 90.00, 8, 298),
(310, 4.00, 50.00, 2, 298),
(311, 6.00, 90.00, 8, 299),
(312, 25.00, 30.00, 7, 300),
(313, 4.00, 120.00, 19, 301),
(314, 34.00, 40.00, 2, 302),
(315, 6.00, 90.00, 8, 303),
(316, 4.00, 30.00, 6, 304),
(317, 4.00, 70.00, 14, 306),
(318, 25.00, 50.00, 5, NULL),
(319, 25.00, 30.00, 7, 308),
(320, 7.00, 15.00, 13, 309),
(321, 25.00, 30.00, 7, 310),
(322, 23.00, 85.00, 11, 311),
(323, 34.00, 40.00, 2, NULL),
(324, 4.00, 50.00, 2, 313),
(325, 2.00, 120.00, 19, 314),
(326, 2.00, 90.00, 8, 315),
(327, 25.00, 30.00, 7, NULL),
(328, 18.00, 15.00, 13, 317),
(329, 7.00, 15.00, 13, 318),
(330, 25.00, 40.00, 5, 319),
(331, 25.00, 30.00, 7, 320),
(332, 25.00, 30.00, 7, 321),
(333, 25.00, 30.00, 7, 322),
(334, 4.00, 90.00, 8, 323),
(335, 4.00, 50.00, 15, 324),
(336, 25.00, 90.00, 8, 325),
(337, 25.00, 30.00, 7, NULL),
(338, 25.00, 30.00, 7, 327),
(339, 4.00, 90.00, 8, NULL),
(340, 25.00, 30.00, 7, 329),
(341, 7.00, 90.00, 1, 330),
(342, 6.00, 90.00, 8, 331),
(343, 23.00, 85.00, 12, 332),
(344, 34.00, 40.00, 2, 333),
(345, 25.00, 50.00, 5, 334),
(346, 4.00, 70.00, 14, 335),
(347, 25.00, 30.00, 7, 336),
(348, 23.00, 105.00, 17, 337),
(349, 25.00, 30.00, 7, 338),
(350, 8.00, 50.00, 15, 339),
(351, 4.00, 120.00, 19, 340),
(352, 34.00, 40.00, 5, 341),
(353, 25.00, 30.00, 7, 342),
(354, 12.00, 15.00, 13, 343),
(355, 25.00, 30.00, 7, 344),
(356, 4.00, 50.00, 5, 345),
(357, 34.00, 40.00, 2, 346),
(358, 25.00, 40.00, 6, 347),
(359, 25.00, 50.00, 2, 348),
(360, 25.00, 30.00, 6, 349),
(361, 34.00, 40.00, 15, 350),
(362, 25.00, 30.00, 7, NULL),
(363, 23.00, 85.00, 11, 352),
(364, 25.00, 40.00, 6, 353),
(365, 2.00, 90.00, 13, 354),
(366, 25.00, 30.00, 7, 355),
(367, 25.00, 100.00, 17, 356),
(368, 23.00, 85.00, 11, 357),
(369, 25.00, 30.00, 6, 358),
(370, 4.00, 15.00, 13, 359),
(371, 6.00, 15.00, 13, 360),
(372, 25.00, 40.00, 6, 361),
(373, 23.00, 80.00, 14, 362),
(374, 25.00, 30.00, 7, 363),
(375, 25.00, 50.00, 15, 364),
(376, 25.00, 30.00, 6, 365),
(377, 25.00, 30.00, 7, 366),
(378, 23.00, 85.00, 11, 367),
(379, 23.00, 85.00, 11, 368),
(380, 8.00, 50.00, 15, NULL),
(381, 25.00, 50.00, 15, 370),
(382, 25.00, 100.00, 8, 371),
(383, 18.00, 15.00, 13, 372),
(384, 7.00, 90.00, 8, 373),
(385, 7.00, 50.00, 5, 373),
(386, 16.00, 15.00, 13, 374),
(387, 4.00, 90.00, 8, 374),
(388, 4.00, 90.00, 8, 375),
(389, 25.00, 40.00, 6, 376),
(390, 4.00, 50.00, 15, 377),
(391, 4.00, 90.00, 8, 378),
(392, 25.00, 40.00, 6, 379),
(393, 34.00, 40.00, 2, 380),
(394, 25.00, 30.00, 6, 381),
(395, 25.00, 50.00, 5, 382),
(396, 25.00, 90.00, 8, 383),
(397, 23.00, 105.00, 17, NULL),
(398, 4.00, 90.00, 8, 385),
(399, 34.00, 34.00, 2, NULL),
(400, 25.00, 30.00, 6, 387),
(401, 25.00, 30.00, 6, 388),
(402, 4.00, 90.00, 8, 389),
(403, 23.00, 85.00, 11, 390),
(404, 23.00, 85.00, 11, 391),
(405, 25.00, 30.00, 6, 392),
(406, 40.00, 25.00, 5, NULL),
(407, 4.00, 120.00, 19, 394),
(408, 34.00, 40.00, 2, 395),
(409, 8.00, 120.00, 19, 396),
(410, 13.00, 70.00, 21, NULL),
(411, 12.00, 50.00, 2, NULL),
(412, 16.00, 15.00, 13, 398),
(413, 25.00, 30.00, 6, 399),
(414, 6.00, 15.00, 13, 400),
(415, 25.00, 30.00, 6, 401),
(416, 4.00, 15.00, 13, 402),
(417, 13.00, 90.00, 8, NULL),
(418, 12.00, 50.00, 5, NULL),
(419, 23.00, 85.00, 12, 404),
(420, 25.00, 30.00, 6, 405),
(421, 4.00, 114.00, 19, 406),
(422, 2.00, 90.00, 8, 407),
(423, 4.00, 90.00, 8, 408),
(424, 25.00, 90.00, 8, 409),
(425, 2.00, 90.00, 8, 410),
(426, 25.00, 50.00, 2, 411),
(427, 23.00, 105.00, 17, 412),
(428, 4.00, 90.00, 8, 413),
(429, 25.00, 90.00, 8, NULL),
(430, 25.00, 40.00, 15, 415),
(431, 25.00, 40.00, 13, NULL),
(432, 23.00, 85.00, 12, 417),
(433, 25.00, 50.00, 5, 418),
(434, 25.00, 40.00, 13, NULL),
(435, 4.00, 50.00, 5, 420),
(436, 34.00, 40.00, 2, 421),
(437, 25.00, 20.00, 13, NULL),
(438, 25.00, 30.00, 6, 423),
(439, 4.00, 50.00, 2, 424),
(440, 4.00, 90.00, 8, 425),
(441, 4.00, 50.00, 5, 426),
(442, 25.00, 90.00, 8, 427),
(443, 25.00, 90.00, 8, 428),
(444, 25.00, 90.00, 8, 429),
(445, 23.00, 85.00, 12, 430),
(446, 4.00, 90.00, 8, 431),
(447, 7.00, 90.00, 8, 432),
(448, 90.00, 2.00, 8, 433),
(449, 50.00, 2.00, 5, 433),
(450, 25.00, 40.00, 13, NULL),
(451, 34.00, 40.00, 2, 435),
(452, 25.00, 40.00, 13, NULL),
(453, 4.00, 120.00, 17, 437),
(454, 12.00, 15.00, 13, 438),
(455, 4.00, 120.00, 19, 439),
(456, 25.00, 30.00, 6, 440),
(457, 23.00, 105.00, 17, 441),
(458, 18.00, 30.00, 13, 442),
(459, 4.00, 50.00, 5, 443),
(460, 25.00, 50.00, 5, 444),
(461, 25.00, 30.00, 6, 445),
(462, 25.00, 50.00, 15, 446),
(463, 23.00, 85.00, 12, 447),
(464, 25.00, 100.00, 5, 448),
(465, 25.00, 30.00, 13, 449),
(466, 18.00, 15.00, 13, NULL),
(467, 25.00, 30.00, 7, 451),
(468, 4.00, 90.00, 8, 452),
(469, 18.00, 15.00, 13, NULL),
(470, 25.00, 100.00, 2, 454),
(471, 25.00, 50.00, 15, 455),
(472, 4.00, 120.00, 17, 456),
(473, 4.00, 90.00, 8, 457),
(474, 25.00, 30.00, 7, 458),
(475, 4.00, 120.00, 19, 459),
(476, 4.00, 50.00, 2, 460),
(477, 25.00, 50.00, 2, 461),
(478, 24.00, 50.00, 15, 462),
(479, 4.00, 90.00, 8, 463),
(480, 23.00, 80.00, 21, 464),
(481, 23.00, 85.00, 12, 465),
(482, 4.00, 50.00, 15, 466),
(483, 4.00, 90.00, 8, 467),
(484, 25.00, 30.00, 13, 468),
(485, 4.00, 50.00, 5, 469),
(486, 4.00, 90.00, 8, 470),
(487, 34.00, 40.00, 2, 471),
(488, 18.00, 15.00, 13, NULL),
(489, 25.00, 30.00, 13, 473),
(490, 4.00, 50.00, 5, 474),
(491, 25.00, 80.00, 21, 475),
(492, 4.00, 90.00, 8, 476),
(493, 18.00, 90.00, 8, 477),
(494, 4.00, 90.00, 8, 478),
(495, 25.00, 30.00, 13, 479),
(496, 4.00, 50.00, 5, 480),
(497, 18.00, 15.00, 13, NULL),
(498, 2.00, 90.00, 8, 482),
(499, 2.00, 50.00, 2, 482),
(500, 25.00, 90.00, 8, 483),
(501, 4.00, 90.00, 8, 484),
(502, 9.00, 90.00, 17, 485),
(503, 4.00, 70.00, 14, 486);

INSERT INTO `ligne_bon` (`id`, `quantite`, `prix`, `produitId`, `bonId`) VALUES
(504, 4.00, 50.00, 2, 487),
(505, 4.00, 50.00, 5, 488),
(506, 25.00, 30.00, 7, 489),
(507, 2.00, 50.00, 2, 490),
(508, 7.00, 90.00, 8, 491),
(509, 25.00, 30.00, 7, 492),
(510, 50.00, 70.00, 14, 493),
(511, 50.00, 70.00, 11, 493),
(512, 4.00, 120.00, 19, 494),
(513, 4.00, 90.00, 8, 495),
(514, 25.00, 40.00, 5, 496),
(515, 4.00, 50.00, 2, 497),
(516, 34.00, 40.00, 2, 498),
(517, 25.00, 30.00, 7, 499),
(518, 4.00, 50.00, 5, 500),
(519, 25.00, 30.00, 7, 501),
(520, 25.00, 30.00, 7, 502),
(521, 25.00, 50.00, 2, 503),
(522, 23.00, 85.00, 12, 504),
(523, 3.00, 90.00, 8, 505),
(524, 3.00, 120.00, 19, 505),
(525, 34.00, 40.00, 2, 506),
(526, 4.00, 50.00, 2, 507),
(527, 12.00, 15.00, 13, 508),
(528, 25.00, 20.00, 13, 509),
(529, 2.00, 90.00, 8, 510),
(530, 25.00, 40.00, 5, 511),
(531, 4.00, 90.00, 8, 512),
(532, 7.00, 90.00, 8, 513),
(533, 25.00, 90.00, 8, 514),
(534, 4.00, 90.00, 8, 515),
(535, 25.00, 15.00, 13, NULL),
(536, 25.00, 15.00, 13, NULL),
(537, 23.00, 85.00, 12, 518),
(538, 25.00, 15.00, 13, NULL),
(539, 34.00, 40.00, 2, 520),
(540, 25.00, 30.00, 6, NULL),
(541, 200.00, 90.00, 14, NULL),
(542, 200.00, 90.00, 17, NULL),
(543, 23.00, 105.00, 17, 122),
(544, 25.00, 30.00, 7, 218),
(545, 25.00, 40.00, 5, NULL),
(546, 25.00, 40.00, 5, NULL),
(547, 4.00, 90.00, 8, 53),
(548, 4.00, 15.00, 13, 80),
(549, 4.00, 90.00, 8, NULL),
(550, 4.00, 90.00, 8, 97),
(551, 25.00, 40.00, 15, 282),
(552, 25.00, 50.00, 5, 307),
(553, 8.00, 50.00, 15, 369),
(554, 4.00, 90.00, 8, 328),
(555, 12.50, 90.00, 8, 403),
(556, 12.50, 50.00, 5, 403),
(557, 34.00, 40.00, 2, 312),
(558, 25.00, 100.00, 17, 146),
(559, 25.00, 40.00, 2, NULL),
(560, 25.00, 40.00, 2, NULL),
(561, 25.00, 40.00, 2, NULL),
(562, 25.00, 40.00, 2, 67),
(563, 34.00, 40.00, 2, 386),
(564, 200.00, 70.00, 14, NULL),
(565, 200.00, 90.00, 17, NULL),
(566, 200.00, 70.00, 14, 522),
(567, 200.00, 90.00, 17, 522),
(568, 23.00, 105.00, 17, 384),
(569, 4.00, 90.00, 8, 24),
(570, 25.00, 20.00, 13, NULL),
(571, 25.00, 40.00, 13, NULL),
(572, 15.00, 20.00, 13, NULL),
(573, 25.00, 45.00, 7, NULL),
(574, 25.00, 30.00, 7, 316),
(575, 25.00, 30.00, 7, 351),
(576, 25.00, 40.00, 5, NULL),
(577, 25.00, 40.00, 5, 393),
(578, 25.00, 40.00, 5, 108),
(579, 25.00, 40.00, 5, 190),
(580, 25.00, 40.00, 5, 242),
(581, 25.00, 30.00, 7, 326),
(582, 25.00, 30.00, 7, NULL),
(583, 25.00, 30.00, 7, 88),
(584, 25.00, 30.00, 7, NULL),
(585, 25.00, 30.00, 7, 130),
(586, 25.00, 20.00, 13, 517),
(587, 25.00, 20.00, 13, 416),
(588, 25.00, 20.00, 13, 419),
(589, 25.00, 20.00, 13, 516),
(590, 25.00, 20.00, 13, 434),
(591, 25.00, 20.00, 13, 436),
(592, 25.00, 20.00, 13, 422),
(593, 18.00, 15.00, 13, NULL),
(594, 18.00, 15.00, 13, 481),
(595, 18.00, 15.00, 13, 472),
(596, 18.00, 15.00, 13, NULL),
(597, 25.00, 30.00, 13, 519),
(598, 18.00, 30.00, 13, 450),
(599, 18.00, 30.00, 13, 453),
(600, 25.00, 50.00, 2, 41),
(601, 25.00, 30.00, 6, 62),
(602, 12.50, 80.00, 21, 397),
(603, 12.50, 50.00, 2, 397),
(604, 25.00, 90.00, 8, NULL),
(605, 25.00, 90.00, 8, 279),
(606, 25.00, 50.00, 2, NULL),
(607, 25.00, 30.00, 7, 258),
(608, 25.00, 90.00, 8, NULL),
(609, 25.00, 40.00, 6, 521),
(610, 4.00, 90.00, 8, NULL),
(611, 34.00, 50.00, 2, 523),
(612, 4.00, 90.00, 8, 524),
(613, 23.00, 85.00, 12, 525),
(614, 25.00, 40.00, 6, 526),
(615, 25.00, 50.00, 5, 527),
(616, 23.00, 80.00, 21, 528),
(617, 25.00, 40.00, 6, 529),
(618, 25.00, 40.00, 6, 530),
(619, 25.00, 30.00, 6, 531),
(620, 4.00, 90.00, 8, 532),
(621, 34.00, 40.00, 2, 533),
(622, 4.00, 15.00, 13, 534),
(623, 25.00, 120.00, 19, 535),
(624, 4.00, 90.00, 8, 536),
(625, 4.00, 50.00, 15, 537),
(626, 25.00, 40.00, 6, 538),
(627, 25.00, 40.00, 6, 539),
(628, 4.00, 90.00, 8, 540),
(629, 6.00, 15.00, 13, 541),
(630, 4.00, 90.00, 8, 542),
(631, 23.00, 85.00, 11, 543),
(632, 4.00, 120.00, 19, 544),
(633, 34.00, 40.00, 5, 545),
(634, 4.00, 90.00, 8, 546),
(635, 25.00, 20.00, 13, 547),
(636, 4.00, 15.00, 13, 548),
(637, 12.00, 15.00, 13, 549),
(638, 34.00, 40.00, 5, 550),
(639, 23.00, 85.00, 11, 551),
(640, 25.00, 50.00, 2, NULL),
(641, 23.00, 85.00, 11, 552),
(642, 25.00, 50.00, 2, 553),
(643, 23.00, 80.00, 11, 554),
(644, 25.00, 50.00, 15, 555),
(645, 25.00, 28.00, 7, NULL),
(646, 25.00, 28.00, 7, 557),
(647, 25.00, 28.00, 7, 556),
(648, 7.00, 40.00, 5, 558),
(649, 25.00, 28.00, 7, 559),
(650, 6.00, 80.00, 8, 560),
(651, 7.00, 80.00, 8, 561),
(652, 25.00, 28.00, 7, 562),
(653, 6.00, 40.00, 2, 563),
(654, 7.00, 40.00, 5, 564),
(655, 25.00, 28.00, 7, 565),
(656, 7.00, 40.00, 5, 566),
(657, 25.00, 20.00, 13, 567),
(658, 8.00, 15.00, 13, 568),
(659, 6.00, 80.00, 8, 569),
(660, 25.00, 90.00, 8, 570),
(661, 25.00, 20.00, 13, 571),
(662, 4.00, 90.00, 8, 572),
(663, 23.00, 85.00, 12, 573),
(664, 25.00, 20.00, 13, 574),
(665, 25.00, 90.00, 8, 575),
(666, 25.00, 40.00, 6, 576),
(667, 23.00, 85.00, 12, 577),
(668, 25.00, 20.00, 13, 578),
(669, 25.00, 40.00, 6, 579),
(670, 4.00, 68.00, 14, 580),
(671, 25.00, 40.00, 6, 581),
(672, 25.00, 40.00, 6, 582),
(673, 8.00, 15.00, 13, 583),
(674, 4.00, 120.00, 17, 584),
(675, 7.00, 120.00, 17, 585),
(676, 12.00, 15.00, 13, 586),
(677, 4.00, 90.00, 8, 587),
(678, 7.00, 40.00, 5, 588),
(679, 6.00, 80.00, 8, 589),
(680, 25.00, 30.00, 7, 590),
(681, 18.00, 40.00, 5, 591),
(682, 25.00, 28.00, 7, 592),
(683, 7.00, 80.00, 8, 593),
(684, 25.00, 28.00, 7, 594),
(685, 25.00, 40.00, 6, 595),
(686, 18.00, 15.00, 13, 596),
(687, 2.50, 90.00, 8, 597),
(688, 2.50, 50.00, 5, 597),
(689, 25.00, 30.00, 6, 599),
(690, 25.00, 30.00, 6, 600),
(691, 25.00, 40.00, 6, 601),
(692, 25.00, 40.00, 6, 602),
(693, 25.00, 30.00, 6, 603),
(694, 4.00, 15.00, 13, 604),
(695, 25.00, 50.00, 5, 605),
(696, 4.00, 90.00, 8, 606),
(697, 18.00, 50.00, 5, 607),
(698, 25.00, 90.00, 8, 608),
(699, 2.00, 90.00, 8, 609),
(700, 25.00, 28.00, 7, 610),
(701, 25.00, 28.00, 7, 611),
(702, 8.00, 50.00, 15, 612),
(703, 4.00, 50.00, 15, 613),
(704, 23.00, 80.00, 21, 614),
(705, 4.00, 90.00, 8, 615),
(706, 25.00, 30.00, 6, 616),
(707, 25.00, 30.00, 6, 617),
(708, 25.00, 90.00, 8, 618),
(709, 20.00, 30.00, 6, 619),
(710, 18.00, 50.00, 5, 620),
(711, 7.00, 90.00, 8, 621),
(712, 12.00, 15.00, 13, 622),
(713, 4.00, 90.00, 8, 623),
(714, 25.00, 85.00, 12, 624),
(715, 25.00, 60.00, 5, 625),
(716, 4.00, 90.00, 8, 626),
(717, 7.00, 15.00, 13, 627),
(718, 7.00, 50.00, 5, 627),
(719, 4.00, 90.00, 8, 628),
(720, 25.00, 30.00, 6, 629),
(721, 2.00, 90.00, 8, 630),
(722, 4.00, 80.00, 14, 631),
(723, 7.00, 90.00, 12, 632),
(724, 25.00, 90.00, 8, 414),
(725, 25.00, 50.00, 2, 244),
(727, 1.00, 500.00, 1, 634),
(728, 1.00, 500.00, 1, 635);

INSERT INTO `ligne_bon_charge` (`id`, `produit`, `bonId`, `aVoirQuantity`, `destinationType`, `quantite`, `prix`) VALUES
(1, 'NOM DE PRODUIT', 1, 4.00, '', 0, 0),
(2, 'NOM DE PRODUIT', 3, 10.00, '', 0, 0),
(3, 'TEST', 4, NULL, 'Pice de rechange', 0, 0),
(4, 'Carburant', 5, 0.00, 'Pice de rechange', 0, 0),
(7, 'PIECE', 8, NULL, 'Pice de rechange', 0, 0);

INSERT INTO `ligne_devis` (`id`, `prix`, `quantite`, `produitId`, `devisId`) VALUES
(2, 500.00, 1.00, 2, 2);

INSERT INTO `machine` (`id`, `name`, `description`, `location`, `createdAt`, `updatedAt`) VALUES
(1, 'Machine 1', '', 'localisation', '2025-07-24 11:41:26', '2025-07-24 11:43:16'),
(2, 'Machine 2', '', 'test', '2025-07-24 11:43:33', '2025-07-24 11:43:33'),
(3, 'Machine 3', '', 'TEST', '2025-07-24 11:44:20', '2025-07-24 11:44:20');

INSERT INTO `paiement` (`id`, `type`, `montant`, `bonId`) VALUES
(4, 'cash', 1000, 2),
(5, 'check', 0, 2),
(6, 'credit', 0, 2),
(7, 'cash', 0, 3),
(8, 'check', 0, 3),
(9, 'credit', 360, 3),
(10, 'cash', 0, 4),
(11, 'check', 0, 4),
(12, 'credit', 200, 4),
(13, 'cash', 0, 5),
(14, 'check', 0, 5),
(15, 'credit', 1955, 5),
(16, 'cash', 0, 6),
(17, 'check', 0, 6),
(18, 'credit', 1785, 6),
(19, 'cash', 0, 7),
(20, 'check', 0, 7),
(21, 'credit', 1955, 7),
(22, 'cash', 0, 8),
(23, 'check', 0, 8),
(24, 'credit', 1325, 8),
(25, 'cash', 0, 9),
(26, 'check', 0, 9),
(27, 'credit', 360, 9),
(28, 'cash', 0, 10),
(29, 'check', 0, 10),
(30, 'credit', 1325, 10),
(31, 'cash', 0, 11),
(32, 'check', 0, 11),
(33, 'credit', 135, 11),
(34, 'cash', 360, 12),
(35, 'check', 0, 12),
(36, 'credit', 0, 12),
(37, 'cash', 360, 13),
(38, 'check', 0, 13),
(39, 'credit', 0, 13),
(40, 'cash', 200, 14),
(41, 'check', 0, 14),
(42, 'credit', 0, 14),
(43, 'cash', 0, 15),
(44, 'check', 0, 15),
(45, 'credit', 1325, 15),
(46, 'cash', 200, 16),
(47, 'check', 0, 16),
(48, 'credit', 0, 16),
(49, 'cash', 0, 17),
(50, 'check', 0, 17),
(51, 'credit', 1150, 17),
(52, 'cash', 200, 18),
(53, 'check', 0, 18),
(54, 'credit', 0, 18),
(55, 'cash', 0, 19),
(56, 'check', 0, 19),
(57, 'credit', 1325, 19),
(58, 'cash', 300, 20),
(59, 'check', 0, 20),
(60, 'credit', 0, 20),
(61, 'cash', 200, 21),
(62, 'check', 0, 21),
(63, 'credit', 0, 21),
(64, 'cash', 0, 22),
(65, 'check', 0, 22),
(66, 'credit', 180, 22),
(67, 'cash', 0, 23),
(68, 'check', 0, 23),
(69, 'credit', 1325, 23),
(70, 'cash', 0, 24),
(71, 'check', 0, 24),
(72, 'credit', 360, 24),
(73, 'cash', 0, 25),
(74, 'check', 0, 25),
(75, 'credit', 350, 25),
(76, 'cash', 0, 26),
(77, 'check', 0, 26),
(78, 'credit', 1955, 26),
(79, 'cash', 0, 27),
(80, 'check', 0, 27),
(81, 'credit', 1000, 27),
(82, 'cash', 0, 28),
(83, 'check', 0, 28),
(84, 'credit', 2300, 28),
(85, 'cash', 0, 29),
(86, 'check', 0, 29),
(87, 'credit', 770, 29),
(88, 'cash', 200, 30),
(89, 'check', 0, 30),
(90, 'credit', 0, 30),
(91, 'cash', 0, 31),
(92, 'check', 0, 31),
(93, 'credit', 2000, 31),
(94, 'cash', 360, 32),
(95, 'check', 0, 32),
(96, 'credit', 0, 32),
(97, 'cash', 0, 33),
(98, 'check', 0, 33),
(99, 'credit', 1325, 33),
(100, 'cash', 900, 34),
(101, 'check', 0, 34),
(102, 'credit', 0, 34),
(103, 'cash', 0, 35),
(104, 'check', 0, 35),
(105, 'credit', 11250, 35),
(106, 'cash', 0, 36),
(107, 'check', 0, 36),
(108, 'credit', 1955, 36),
(109, 'cash', 0, 37),
(110, 'check', 0, 37),
(111, 'credit', 2650, 37),
(112, 'cash', 0, 38),
(113, 'check', 0, 38),
(114, 'credit', 1325, 38),
(115, 'cash', 270, 39),
(116, 'check', 0, 39),
(117, 'credit', 0, 39),
(118, 'cash', 360, 40),
(119, 'check', 0, 40),
(120, 'credit', 0, 40),
(121, 'cash', 0, 41),
(122, 'check', 0, 41),
(123, 'credit', 2650, 41),
(124, 'cash', 270, 42),
(125, 'check', 0, 42),
(126, 'credit', 0, 42),
(127, 'cash', 0, 43),
(128, 'check', 0, 43),
(129, 'credit', 200, 43),
(130, 'cash', 3000, 44),
(131, 'check', 0, 44),
(132, 'credit', 0, 44),
(133, 'cash', 0, 45),
(134, 'check', 0, 45),
(135, 'credit', 360, 45),
(136, 'cash', 0, 46),
(137, 'check', 0, 46),
(138, 'credit', 1955, 46),
(139, 'cash', 350, 47),
(140, 'check', 0, 47),
(141, 'credit', 0, 47),
(142, 'cash', 0, 48),
(143, 'check', 0, 48),
(144, 'credit', 200, 48),
(145, 'cash', 560, 49),
(146, 'check', 0, 49),
(147, 'credit', 0, 49),
(148, 'cash', 200, 50),
(149, 'check', 0, 50),
(150, 'credit', 0, 50),
(151, 'cash', 0, 51),
(152, 'check', 0, 51),
(153, 'credit', 1360, 51),
(154, 'cash', 0, 52),
(155, 'check', 0, 52),
(156, 'credit', 200, 52),
(157, 'cash', 0, 53),
(158, 'check', 0, 53),
(159, 'credit', 360, 53),
(160, 'cash', 0, 54),
(161, 'check', 0, 54),
(162, 'credit', 10250, 54),
(163, 'cash', 0, 55),
(164, 'check', 0, 55),
(165, 'credit', 1000, 55),
(166, 'cash', 400, 56),
(167, 'check', 0, 56),
(168, 'credit', 0, 56),
(169, 'cash', 0, 57),
(170, 'check', 0, 57),
(171, 'credit', 1360, 57),
(172, 'cash', 360, 58),
(173, 'check', 0, 58),
(174, 'credit', 0, 58),
(175, 'cash', 0, 59),
(176, 'check', 0, 59),
(177, 'credit', 1360, 59),
(178, 'cash', 1000, 60),
(179, 'check', 0, 60),
(180, 'credit', 0, 60),
(181, 'cash', 0, 61),
(182, 'check', 0, 61),
(183, 'credit', 2000, 61),
(184, 'cash', 0, 62),
(185, 'check', 0, 62),
(186, 'credit', 2150, 62),
(187, 'cash', 0, 63),
(188, 'check', 0, 63),
(189, 'credit', 1625, 63),
(190, 'cash', 200, 64),
(191, 'check', 0, 64),
(192, 'credit', 0, 64),
(193, 'cash', 0, 65),
(194, 'check', 0, 65),
(195, 'credit', 350, 65),
(196, 'cash', 270, 66),
(197, 'check', 0, 66),
(198, 'credit', 0, 66),
(199, 'cash', 0, 67),
(200, 'check', 0, 67),
(201, 'credit', 1625, 67),
(202, 'cash', 0, 68),
(203, 'check', 0, 68),
(204, 'credit', 360, 68),
(205, 'cash', 360, 69),
(206, 'check', 0, 69),
(207, 'credit', 0, 69),
(208, 'cash', 0, 70),
(209, 'check', 0, 70),
(210, 'credit', 360, 70),
(211, 'cash', 0, 71),
(212, 'check', 0, 71),
(213, 'credit', 1625, 71),
(214, 'cash', 0, 72),
(215, 'check', 0, 72),
(216, 'credit', 360, 72),
(217, 'cash', 280, 73),
(218, 'check', 0, 73),
(219, 'credit', 0, 73),
(220, 'cash', 0, 74),
(221, 'check', 0, 74),
(222, 'credit', 1625, 74),
(223, 'cash', 0, 75),
(224, 'check', 0, 75),
(225, 'credit', 1000, 75),
(226, 'cash', 0, 76),
(227, 'check', 0, 76),
(228, 'credit', 1625, 76),
(229, 'cash', 0, 77),
(230, 'check', 0, 77),
(231, 'credit', 1625, 77),
(232, 'cash', 360, 78),
(233, 'check', 0, 78),
(234, 'credit', 0, 78),
(235, 'cash', 480, 79),
(236, 'check', 0, 79),
(237, 'credit', 0, 79),
(238, 'cash', 60, 80),
(239, 'check', 0, 80),
(240, 'credit', 0, 80),
(241, 'cash', 0, 81),
(242, 'check', 0, 81),
(243, 'credit', 2530, 81),
(244, 'cash', 0, 82),
(245, 'check', 0, 82),
(246, 'credit', 1054, 82),
(247, 'cash', 0, 83),
(248, 'check', 0, 83),
(249, 'credit', 2415, 83),
(250, 'cash', 3200, 84),
(251, 'check', 0, 84),
(252, 'credit', 0, 84),
(253, 'cash', 360, 85),
(254, 'check', 0, 85),
(255, 'credit', 0, 85),
(256, 'cash', 200, 86),
(257, 'check', 0, 86),
(258, 'credit', 0, 86),
(259, 'cash', 360, 87),
(260, 'check', 0, 87),
(261, 'credit', 0, 87),
(262, 'cash', 0, 88),
(263, 'check', 0, 88),
(264, 'credit', 1125, 88),
(265, 'cash', 480, 89),
(266, 'check', 0, 89),
(267, 'credit', 0, 89),
(268, 'cash', 180, 90),
(269, 'check', 0, 90),
(270, 'credit', 0, 90),
(271, 'cash', 0, 91),
(272, 'check', 0, 91),
(273, 'credit', 270, 91),
(274, 'cash', 360, 92),
(275, 'check', 0, 92),
(276, 'credit', 0, 92),
(277, 'cash', 200, 93),
(278, 'check', 0, 93),
(279, 'credit', 0, 93),
(280, 'cash', 200, 94),
(281, 'check', 0, 94),
(282, 'credit', 0, 94),
(283, 'cash', 200, 95),
(284, 'check', 0, 95),
(285, 'credit', 0, 95),
(286, 'cash', 200, 96),
(287, 'check', 0, 96),
(288, 'credit', 0, 96),
(289, 'cash', 0, 97),
(290, 'check', 0, 97),
(291, 'credit', 360, 97),
(292, 'cash', 360, 98),
(293, 'check', 0, 98),
(294, 'credit', 0, 98),
(295, 'cash', 300, 99),
(296, 'check', 0, 99),
(297, 'credit', 0, 99),
(298, 'cash', 0, 100),
(299, 'check', 0, 100),
(300, 'credit', 3000, 100),
(301, 'cash', 0, 101),
(302, 'check', 0, 101),
(303, 'credit', 270, 101),
(304, 'cash', 360, 102),
(305, 'check', 0, 102),
(306, 'credit', 0, 102),
(307, 'cash', 0, 103),
(308, 'check', 0, 103),
(309, 'credit', 200, 103),
(310, 'cash', 280, 104),
(311, 'check', 0, 104),
(312, 'credit', 0, 104),
(313, 'cash', 200, 105),
(314, 'check', 0, 105),
(315, 'credit', 0, 105),
(316, 'cash', 0, 106),
(317, 'check', 0, 106),
(318, 'credit', 3000, 106),
(319, 'cash', 360, 107),
(320, 'check', 0, 107),
(321, 'credit', 0, 107),
(322, 'cash', 0, 108),
(323, 'check', 0, 108),
(324, 'credit', 1000, 108),
(325, 'cash', 200, 109),
(326, 'check', 0, 109),
(327, 'credit', 0, 109),
(328, 'cash', 0, 110),
(329, 'check', 0, 110),
(330, 'credit', 200, 110),
(331, 'cash', 480, 111),
(332, 'check', 0, 111),
(333, 'credit', 0, 111),
(334, 'cash', 0, 112),
(335, 'check', 0, 112),
(336, 'credit', 2415, 112),
(337, 'cash', 360, 113),
(338, 'check', 0, 113),
(339, 'credit', 0, 113),
(340, 'cash', 560, 114),
(341, 'check', 0, 114),
(342, 'credit', 0, 114),
(343, 'cash', 270, 115),
(344, 'check', 0, 115),
(345, 'credit', 0, 115),
(346, 'cash', 0, 116),
(347, 'check', 0, 116),
(348, 'credit', 1325, 116),
(349, 'cash', 0, 117),
(350, 'check', 0, 117),
(351, 'credit', 1325, 117),
(352, 'cash', 180, 118),
(353, 'check', 0, 118),
(354, 'credit', 0, 118),
(355, 'cash', 0, 119),
(356, 'check', 0, 119),
(357, 'credit', 1054, 119),
(358, 'cash', 0, 120),
(359, 'check', 0, 120),
(360, 'credit', 1054, 120),
(361, 'cash', 0, 121),
(362, 'check', 0, 121),
(363, 'credit', 2250, 121),
(364, 'cash', 0, 122),
(365, 'check', 0, 122),
(366, 'credit', 2415, 122),
(367, 'cash', 200, 123),
(368, 'check', 0, 123),
(369, 'credit', 0, 123),
(370, 'cash', 480, 124),
(371, 'check', 0, 124),
(372, 'credit', 0, 124),
(373, 'cash', 180, 125),
(374, 'check', 0, 125),
(375, 'credit', 0, 125),
(376, 'cash', 270, 126),
(377, 'check', 0, 126),
(378, 'credit', 0, 126),
(379, 'cash', 0, 127),
(380, 'check', 0, 127),
(381, 'credit', 90, 127),
(382, 'cash', 0, 128),
(383, 'check', 0, 128),
(384, 'credit', 90, 128),
(385, 'cash', 350, 129),
(386, 'check', 0, 129),
(387, 'credit', 0, 129),
(388, 'cash', 0, 130),
(389, 'check', 0, 130),
(390, 'credit', 1125, 130),
(391, 'cash', 0, 131),
(392, 'check', 0, 131),
(393, 'credit', 3125, 131),
(394, 'cash', 280, 132),
(395, 'check', 0, 132),
(396, 'credit', 0, 132),
(397, 'cash', 200, 133),
(398, 'check', 0, 133),
(399, 'credit', 0, 133),
(400, 'cash', 350, 134),
(401, 'check', 0, 134),
(402, 'credit', 0, 134),
(403, 'cash', 0, 135),
(404, 'check', 0, 135),
(405, 'credit', 3000, 135),
(406, 'cash', 360, 136),
(407, 'check', 0, 136),
(408, 'credit', 0, 136),
(409, 'cash', 100, 137),
(410, 'check', 0, 137),
(411, 'credit', 0, 137),
(412, 'cash', 360, 138),
(413, 'check', 0, 138),
(414, 'credit', 0, 138),
(415, 'cash', 60, 139),
(416, 'check', 0, 139),
(417, 'credit', 0, 139),
(424, 'cash', 0, 142),
(425, 'check', 0, 142),
(426, 'credit', 1750, 142),
(427, 'cash', 0, 143),
(428, 'check', 0, 143),
(429, 'credit', 2530, 143),
(430, 'cash', 0, 144),
(431, 'check', 0, 144),
(432, 'credit', 1250, 144),
(433, 'cash', 630, 145),
(434, 'check', 0, 145),
(435, 'credit', 0, 145),
(436, 'cash', 0, 146),
(437, 'check', 0, 146),
(438, 'credit', 3125, 146),
(439, 'cash', 0, 147),
(440, 'check', 0, 147),
(441, 'credit', 2550, 147),
(442, 'cash', 60, 148),
(443, 'check', 0, 148),
(444, 'credit', 0, 148),
(445, 'cash', 0, 149),
(446, 'check', 0, 149),
(447, 'credit', 200, 149),
(448, 'cash', 0, 150),
(449, 'check', 0, 150),
(450, 'credit', 3000, 150),
(451, 'cash', 200, 151),
(452, 'check', 0, 151),
(453, 'credit', 0, 151),
(454, 'cash', 0, 152),
(455, 'check', 0, 152),
(456, 'credit', 1840, 152),
(457, 'cash', 0, 153),
(458, 'check', 0, 153),
(459, 'credit', 1000, 153),
(460, 'cash', 0, 154),
(461, 'check', 0, 154),
(462, 'credit', 200, 154),
(463, 'cash', 0, 155),
(464, 'check', 0, 155),
(465, 'credit', 1325, 155),
(466, 'cash', 0, 156),
(467, 'check', 0, 156),
(468, 'credit', 1325, 156),
(469, 'cash', 0, 157),
(470, 'check', 0, 157),
(471, 'credit', 2530, 157),
(472, 'cash', 0, 158),
(473, 'check', 0, 158),
(474, 'credit', 1325, 158),
(475, 'cash', 0, 159),
(476, 'check', 0, 159),
(477, 'credit', 560, 159),
(478, 'cash', 360, 160),
(479, 'check', 0, 160),
(480, 'credit', 0, 160),
(481, 'cash', 0, 161),
(482, 'check', 0, 161),
(483, 'credit', 560, 161),
(484, 'cash', 0, 162),
(485, 'check', 0, 162),
(486, 'credit', 1800, 162),
(487, 'cash', 270, 163),
(488, 'check', 0, 163),
(489, 'credit', 0, 163),
(490, 'cash', 0, 164),
(491, 'check', 0, 164),
(492, 'credit', 1750, 164),
(493, 'cash', 1000, 165),
(494, 'check', 0, 165),
(495, 'credit', 0, 165),
(496, 'cash', 0, 166),
(497, 'check', 0, 166),
(498, 'credit', 3000, 166),
(499, 'cash', 0, 167),
(500, 'check', 0, 167),
(501, 'credit', 360, 167),
(502, 'cash', 60, 168),
(503, 'check', 0, 168),
(504, 'credit', 0, 168),
(505, 'cash', 1500, 169),
(506, 'check', 0, 169),
(507, 'credit', 0, 169),
(508, 'cash', 60, 170),
(509, 'check', 0, 170);

INSERT INTO `paiement` (`id`, `type`, `montant`, `bonId`) VALUES
(510, 'credit', 0, 170),
(511, 'cash', 0, 171),
(512, 'check', 0, 171),
(513, 'credit', 1054, 171),
(514, 'cash', 60, 172),
(515, 'check', 0, 172),
(516, 'credit', 0, 172),
(517, 'cash', 0, 173),
(518, 'check', 0, 173),
(519, 'credit', 180, 173),
(520, 'cash', 360, 174),
(521, 'check', 0, 174),
(522, 'credit', 0, 174),
(523, 'cash', 200, 175),
(524, 'check', 0, 175),
(525, 'credit', 0, 175),
(526, 'cash', 0, 176),
(527, 'check', 0, 176),
(528, 'credit', 1325, 176),
(529, 'cash', 0, 177),
(530, 'check', 0, 177),
(531, 'credit', 3125, 177),
(532, 'cash', 0, 178),
(533, 'check', 0, 178),
(534, 'credit', 360, 178),
(535, 'cash', 0, 179),
(536, 'check', 0, 179),
(537, 'credit', 1250, 179),
(538, 'cash', 0, 180),
(539, 'check', 0, 180),
(540, 'credit', 3000, 180),
(541, 'cash', 0, 181),
(542, 'check', 0, 181),
(543, 'credit', 200, 181),
(544, 'cash', 0, 182),
(545, 'check', 0, 182),
(546, 'credit', 1360, 182),
(547, 'cash', 0, 183),
(548, 'check', 0, 183),
(549, 'credit', 1360, 183),
(550, 'cash', 360, 184),
(551, 'check', 0, 184),
(552, 'credit', 0, 184),
(553, 'cash', 0, 185),
(554, 'check', 0, 185),
(555, 'credit', 1325, 185),
(556, 'cash', 0, 186),
(557, 'check', 0, 186),
(558, 'credit', 1325, 186),
(559, 'cash', 0, 187),
(560, 'check', 0, 187),
(561, 'credit', 3500, 187),
(562, 'cash', 0, 188),
(563, 'check', 0, 188),
(564, 'credit', 360, 188),
(565, 'cash', 180, 189),
(566, 'check', 0, 189),
(567, 'credit', 0, 189),
(568, 'cash', 0, 190),
(569, 'check', 0, 190),
(570, 'credit', 1000, 190),
(571, 'cash', 360, 191),
(572, 'check', 0, 191),
(573, 'credit', 0, 191),
(574, 'cash', 0, 192),
(575, 'check', 0, 192),
(576, 'credit', 1360, 192),
(577, 'cash', 0, 193),
(578, 'check', 0, 193),
(579, 'credit', 1325, 193),
(580, 'cash', 0, 194),
(581, 'check', 0, 194),
(582, 'credit', 1325, 194),
(583, 'cash', 0, 195),
(584, 'check', 0, 195),
(585, 'credit', 1360, 195),
(586, 'cash', 0, 196),
(587, 'check', 0, 196),
(588, 'credit', 360, 196),
(589, 'cash', 0, 197),
(590, 'check', 0, 197),
(591, 'credit', 1325, 197),
(592, 'cash', 60, 198),
(593, 'check', 0, 198),
(594, 'credit', 0, 198),
(595, 'cash', 0, 199),
(596, 'check', 0, 199),
(597, 'credit', 1325, 199),
(598, 'cash', 0, 200),
(599, 'check', 0, 200),
(600, 'credit', 1360, 200),
(601, 'cash', 480, 201),
(602, 'check', 0, 201),
(603, 'credit', 0, 201),
(604, 'cash', 0, 202),
(605, 'check', 0, 202),
(606, 'credit', 360, 202),
(607, 'cash', 0, 203),
(608, 'check', 0, 203),
(609, 'credit', 100, 203),
(610, 'cash', 0, 204),
(611, 'check', 0, 204),
(612, 'credit', 1325, 204),
(613, 'cash', 2000, 205),
(614, 'check', 0, 205),
(615, 'credit', 0, 205),
(616, 'cash', 0, 206),
(617, 'check', 0, 206),
(618, 'credit', 90, 206),
(619, 'cash', 0, 207),
(620, 'check', 0, 207),
(621, 'credit', 400, 207),
(622, 'cash', 0, 208),
(623, 'check', 0, 208),
(624, 'credit', 1360, 208),
(625, 'cash', 0, 209),
(626, 'check', 0, 209),
(627, 'credit', 1325, 209),
(628, 'cash', 0, 210),
(629, 'check', 0, 210),
(630, 'credit', 1054, 210),
(631, 'cash', 0, 211),
(632, 'check', 0, 211),
(633, 'credit', 700, 211),
(634, 'cash', 0, 212),
(635, 'check', 0, 212),
(636, 'credit', 90, 212),
(637, 'cash', 0, 213),
(638, 'check', 0, 213),
(639, 'credit', 1000, 213),
(640, 'cash', 60, 214),
(641, 'check', 0, 214),
(642, 'credit', 0, 214),
(646, 'cash', 1000, 216),
(647, 'check', 0, 216),
(648, 'credit', 0, 216),
(649, 'cash', 0, 217),
(650, 'check', 0, 217),
(651, 'credit', 1360, 217),
(652, 'cash', 0, 218),
(653, 'check', 0, 218),
(654, 'credit', 1325, 218),
(655, 'cash', 0, 219),
(656, 'check', 0, 219),
(657, 'credit', 1125, 219),
(658, 'cash', 200, 220),
(659, 'check', 0, 220),
(660, 'credit', 0, 220),
(661, 'cash', 0, 221),
(662, 'check', 0, 221),
(663, 'credit', 2415, 221),
(664, 'cash', 0, 222),
(665, 'check', 0, 222),
(666, 'credit', 1000, 222),
(667, 'cash', 0, 223),
(668, 'check', 0, 223),
(669, 'credit', 1955, 223),
(670, 'cash', 0, 224),
(671, 'check', 0, 224),
(672, 'credit', 1325, 224),
(673, 'cash', 0, 225),
(674, 'check', 0, 225),
(675, 'credit', 135, 225),
(676, 'cash', 0, 226),
(677, 'check', 0, 226),
(678, 'credit', 1360, 226),
(679, 'cash', 0, 227),
(680, 'check', 0, 227),
(681, 'credit', 1325, 227),
(682, 'cash', 0, 228),
(683, 'check', 0, 228),
(684, 'credit', 1325, 228),
(685, 'cash', 0, 229),
(686, 'check', 0, 229),
(687, 'credit', 1325, 229),
(688, 'cash', 0, 230),
(689, 'check', 0, 230),
(690, 'credit', 1325, 230),
(691, 'cash', 180, 231),
(692, 'check', 0, 231),
(693, 'credit', 0, 231),
(694, 'cash', 0, 232),
(695, 'check', 0, 232),
(696, 'credit', 1360, 232),
(697, 'cash', 0, 233),
(698, 'check', 0, 233),
(699, 'credit', 270, 233),
(700, 'cash', 0, 234),
(701, 'check', 0, 234),
(702, 'credit', 1325, 234),
(703, 'cash', 180, 235),
(704, 'check', 0, 235),
(705, 'credit', 0, 235),
(706, 'cash', 0, 236),
(707, 'check', 0, 236),
(708, 'credit', 1325, 236),
(709, 'cash', 0, 237),
(710, 'check', 0, 237),
(711, 'credit', 1360, 237),
(712, 'cash', 0, 238),
(713, 'check', 0, 238),
(714, 'credit', 1325, 238),
(715, 'cash', 0, 239),
(716, 'check', 0, 239),
(717, 'credit', 1250, 239),
(718, 'cash', 0, 240),
(719, 'check', 0, 240),
(720, 'credit', 1325, 240),
(721, 'cash', 60, 241),
(722, 'check', 0, 241),
(723, 'credit', 0, 241),
(724, 'cash', 0, 242),
(725, 'check', 0, 242),
(726, 'credit', 1000, 242),
(727, 'cash', 0, 243),
(728, 'check', 0, 243),
(729, 'credit', 2415, 243),
(730, 'cash', 0, 244),
(731, 'check', 0, 244),
(732, 'credit', 1450, 244),
(733, 'cash', 0, 245),
(734, 'check', 0, 245),
(735, 'credit', 2300, 245),
(736, 'cash', 480, 246),
(737, 'check', 0, 246),
(738, 'credit', 0, 246),
(739, 'cash', 0, 247),
(740, 'check', 0, 247),
(741, 'credit', 1325, 247),
(742, 'cash', 0, 248),
(743, 'check', 0, 248),
(744, 'credit', 2250, 248),
(745, 'cash', 1000, 249),
(746, 'check', 0, 249),
(747, 'credit', 0, 249),
(748, 'cash', 0, 250),
(749, 'check', 0, 250),
(750, 'credit', 2415, 250),
(751, 'cash', 0, 251),
(752, 'check', 0, 251),
(753, 'credit', 1325, 251),
(754, 'cash', 0, 252),
(755, 'check', 0, 252),
(756, 'credit', 2750, 252),
(757, 'cash', 0, 253),
(758, 'check', 0, 253),
(759, 'credit', 400, 253),
(760, 'cash', 0, 254),
(761, 'check', 0, 254),
(762, 'credit', 270, 254),
(763, 'cash', 0, 255),
(764, 'check', 0, 255),
(765, 'credit', 180, 255),
(766, 'cash', 200, 256),
(767, 'check', 0, 256),
(768, 'credit', 0, 256),
(769, 'cash', 0, 257),
(770, 'check', 0, 257),
(771, 'credit', 1000, 257),
(772, 'cash', 0, 258),
(773, 'check', 0, 258),
(774, 'credit', 1325, 258),
(775, 'cash', 0, 259),
(776, 'check', 0, 259),
(777, 'credit', 360, 259),
(778, 'cash', 360, 260),
(779, 'check', 0, 260),
(780, 'credit', 0, 260),
(781, 'cash', 360, 261),
(782, 'check', 0, 261),
(783, 'credit', 0, 261),
(784, 'cash', 0, 262),
(785, 'check', 0, 262),
(786, 'credit', 100, 262),
(787, 'cash', 0, 263),
(788, 'check', 0, 263),
(789, 'credit', 1325, 263),
(790, 'cash', 360, 264),
(791, 'check', 0, 264),
(792, 'credit', 0, 264),
(793, 'cash', 540, 265),
(794, 'check', 0, 265),
(795, 'credit', 0, 265),
(796, 'cash', 200, 266),
(797, 'check', 0, 266),
(798, 'credit', 0, 266),
(799, 'cash', 0, 267),
(800, 'check', 0, 267),
(801, 'credit', 2750, 267),
(802, 'cash', 0, 268),
(803, 'check', 0, 268),
(804, 'credit', 1250, 268),
(805, 'cash', 1000, 269),
(806, 'check', 0, 269),
(807, 'credit', 0, 269),
(808, 'cash', 0, 270),
(809, 'check', 0, 270),
(810, 'credit', 200, 270),
(811, 'cash', 360, 271),
(812, 'check', 0, 271),
(813, 'credit', 0, 271),
(814, 'cash', 0, 272),
(815, 'check', 0, 272),
(816, 'credit', 360, 272),
(817, 'cash', 180, 273),
(818, 'check', 0, 273),
(819, 'credit', 0, 273),
(820, 'cash', 0, 274),
(821, 'check', 0, 274),
(822, 'credit', 1325, 274),
(823, 'cash', 280, 275),
(824, 'check', 0, 275),
(825, 'credit', 0, 275),
(826, 'cash', 0, 276),
(827, 'check', 0, 276),
(828, 'credit', 3650, 276),
(829, 'cash', 0, 277),
(830, 'check', 0, 277),
(831, 'credit', 1500, 277),
(832, 'cash', 0, 278),
(833, 'check', 0, 278),
(834, 'credit', 1360, 278),
(835, 'cash', 0, 279),
(836, 'check', 0, 279),
(837, 'credit', 2250, 279),
(838, 'cash', 2250, 280),
(839, 'check', 0, 280),
(840, 'credit', 0, 280),
(841, 'cash', 200, 281),
(842, 'check', 0, 281),
(843, 'credit', 0, 281),
(844, 'cash', 1000, 282),
(845, 'check', 0, 282),
(846, 'credit', 0, 282),
(847, 'cash', 0, 283),
(848, 'check', 0, 283),
(849, 'credit', 1250, 283),
(850, 'cash', 60, 284),
(851, 'check', 0, 284),
(852, 'credit', 0, 284),
(853, 'cash', 0, 285),
(854, 'check', 0, 285),
(855, 'credit', 1955, 285),
(856, 'cash', 0, 286),
(857, 'check', 0, 286),
(858, 'credit', 630, 286),
(859, 'cash', 0, 287),
(860, 'check', 0, 287),
(861, 'credit', 1325, 287),
(862, 'cash', 0, 288),
(863, 'check', 0, 288),
(864, 'credit', 270, 288),
(865, 'cash', 0, 289),
(866, 'check', 0, 289),
(867, 'credit', 1325, 289),
(868, 'cash', 630, 290),
(869, 'check', 0, 290),
(870, 'credit', 0, 290),
(871, 'cash', 240, 291),
(872, 'check', 0, 291),
(873, 'credit', 0, 291),
(874, 'cash', 0, 292),
(875, 'check', 0, 292),
(876, 'credit', 1000, 292),
(877, 'cash', 400, 293),
(878, 'check', 0, 293),
(879, 'credit', 0, 293),
(880, 'cash', 0, 294),
(881, 'check', 0, 294),
(882, 'credit', 1325, 294),
(883, 'cash', 0, 295),
(884, 'check', 0, 295),
(885, 'credit', 1840, 295),
(886, 'cash', 200, 296),
(887, 'check', 0, 296),
(888, 'credit', 0, 296),
(889, 'cash', 0, 297),
(890, 'check', 0, 297),
(891, 'credit', 1325, 297),
(892, 'cash', 560, 298),
(893, 'check', 0, 298),
(894, 'credit', 0, 298),
(895, 'cash', 540, 299),
(896, 'check', 0, 299),
(897, 'credit', 0, 299),
(898, 'cash', 0, 300),
(899, 'check', 0, 300),
(900, 'credit', 1325, 300),
(901, 'cash', 480, 301),
(902, 'check', 0, 301),
(903, 'credit', 0, 301),
(904, 'cash', 0, 302),
(905, 'check', 0, 302),
(906, 'credit', 1360, 302),
(907, 'cash', 540, 303),
(908, 'check', 0, 303),
(909, 'credit', 0, 303),
(910, 'cash', 0, 304),
(911, 'check', 0, 304),
(912, 'credit', 120, 304),
(916, 'cash', 270, 306),
(917, 'check', 0, 306),
(918, 'credit', 0, 306),
(919, 'cash', 0, 307),
(920, 'check', 0, 307),
(921, 'credit', 1250, 307),
(922, 'cash', 0, 308),
(923, 'check', 0, 308),
(924, 'credit', 1325, 308),
(925, 'cash', 0, 309),
(926, 'check', 0, 309),
(927, 'credit', 105, 309),
(928, 'cash', 0, 310),
(929, 'check', 0, 310),
(930, 'credit', 1325, 310),
(931, 'cash', 0, 311),
(932, 'check', 0, 311),
(933, 'credit', 1955, 311),
(934, 'cash', 0, 312),
(935, 'check', 0, 312),
(936, 'credit', 1360, 312),
(937, 'cash', 0, 313),
(938, 'check', 0, 313),
(939, 'credit', 200, 313),
(940, 'cash', 240, 314),
(941, 'check', 0, 314),
(942, 'credit', 0, 314),
(943, 'cash', 180, 315),
(944, 'check', 0, 315),
(945, 'credit', 0, 315),
(946, 'cash', 0, 316),
(947, 'check', 0, 316),
(948, 'credit', 1125, 316),
(949, 'cash', 0, 317),
(950, 'check', 0, 317),
(951, 'credit', 270, 317),
(952, 'cash', 0, 318),
(953, 'check', 0, 318),
(954, 'credit', 105, 318),
(955, 'cash', 0, 319),
(956, 'check', 0, 319),
(957, 'credit', 1000, 319),
(958, 'cash', 0, 320),
(959, 'check', 0, 320),
(960, 'credit', 1325, 320),
(961, 'cash', 0, 321),
(962, 'check', 0, 321),
(963, 'credit', 1325, 321),
(964, 'cash', 0, 322),
(965, 'check', 0, 322),
(966, 'credit', 1325, 322),
(967, 'cash', 360, 323),
(968, 'check', 0, 323),
(969, 'credit', 0, 323),
(970, 'cash', 200, 324),
(971, 'check', 0, 324),
(972, 'credit', 0, 324),
(973, 'cash', 0, 325),
(974, 'check', 0, 325),
(975, 'credit', 2250, 325),
(976, 'cash', 0, 326),
(977, 'check', 0, 326),
(978, 'credit', 1125, 326),
(979, 'cash', 0, 327),
(980, 'check', 0, 327),
(981, 'credit', 1325, 327),
(982, 'cash', 0, 328),
(983, 'check', 0, 328),
(984, 'credit', 360, 328),
(985, 'cash', 0, 329),
(986, 'check', 0, 329),
(987, 'credit', 1325, 329),
(988, 'cash', 0, 330),
(989, 'check', 0, 330),
(990, 'credit', 630, 330),
(991, 'cash', 540, 331),
(992, 'check', 0, 331),
(993, 'credit', 0, 331),
(994, 'cash', 0, 332),
(995, 'check', 0, 332),
(996, 'credit', 1955, 332),
(997, 'cash', 0, 333),
(998, 'check', 0, 333),
(999, 'credit', 1360, 333),
(1000, 'cash', 0, 334),
(1001, 'check', 0, 334),
(1002, 'credit', 1250, 334),
(1003, 'cash', 270, 335),
(1004, 'check', 0, 335),
(1005, 'credit', 0, 335),
(1006, 'cash', 0, 336),
(1007, 'check', 0, 336),
(1008, 'credit', 1325, 336),
(1009, 'cash', 0, 337),
(1010, 'check', 0, 337),
(1011, 'credit', 2415, 337),
(1012, 'cash', 0, 338),
(1013, 'check', 0, 338),
(1014, 'credit', 1325, 338),
(1015, 'cash', 400, 339);

INSERT INTO `paiement` (`id`, `type`, `montant`, `bonId`) VALUES
(1016, 'check', 0, 339),
(1017, 'credit', 0, 339),
(1018, 'cash', 480, 340),
(1019, 'check', 0, 340),
(1020, 'credit', 0, 340),
(1021, 'cash', 0, 341),
(1022, 'check', 0, 341),
(1023, 'credit', 1360, 341),
(1024, 'cash', 0, 342),
(1025, 'check', 0, 342),
(1026, 'credit', 1325, 342),
(1027, 'cash', 0, 343),
(1028, 'check', 0, 343),
(1029, 'credit', 180, 343),
(1030, 'cash', 0, 344),
(1031, 'check', 0, 344),
(1032, 'credit', 1325, 344),
(1033, 'cash', 200, 345),
(1034, 'check', 0, 345),
(1035, 'credit', 0, 345),
(1036, 'cash', 0, 346),
(1037, 'check', 0, 346),
(1038, 'credit', 1360, 346),
(1039, 'cash', 0, 347),
(1040, 'check', 0, 347),
(1041, 'credit', 1500, 347),
(1042, 'cash', 0, 348),
(1043, 'check', 0, 348),
(1044, 'credit', 1250, 348),
(1045, 'cash', 0, 349),
(1046, 'check', 0, 349),
(1047, 'credit', 1325, 349),
(1048, 'cash', 0, 350),
(1049, 'check', 0, 350),
(1050, 'credit', 1360, 350),
(1051, 'cash', 0, 351),
(1052, 'check', 0, 351),
(1053, 'credit', 1125, 351),
(1054, 'cash', 0, 352),
(1055, 'check', 0, 352),
(1056, 'credit', 1955, 352),
(1057, 'cash', 0, 353),
(1058, 'check', 0, 353),
(1059, 'credit', 1500, 353),
(1060, 'cash', 0, 354),
(1061, 'check', 0, 354),
(1062, 'credit', 180, 354),
(1063, 'cash', 0, 355),
(1064, 'check', 0, 355),
(1065, 'credit', 1125, 355),
(1066, 'cash', 0, 356),
(1067, 'check', 0, 356),
(1068, 'credit', 2500, 356),
(1069, 'cash', 0, 357),
(1070, 'check', 0, 357),
(1071, 'credit', 1955, 357),
(1072, 'cash', 0, 358),
(1073, 'check', 0, 358),
(1074, 'credit', 1325, 358),
(1075, 'cash', 0, 359),
(1076, 'check', 0, 359),
(1077, 'credit', 60, 359),
(1078, 'cash', 0, 360),
(1079, 'check', 0, 360),
(1080, 'credit', 90, 360),
(1081, 'cash', 0, 361),
(1082, 'check', 0, 361),
(1083, 'credit', 1500, 361),
(1084, 'cash', 0, 362),
(1085, 'check', 0, 362),
(1086, 'credit', 1840, 362),
(1087, 'cash', 0, 363),
(1088, 'check', 0, 363),
(1089, 'credit', 1125, 363),
(1090, 'cash', 0, 364),
(1091, 'check', 0, 364),
(1092, 'credit', 1250, 364),
(1093, 'cash', 0, 365),
(1094, 'check', 0, 365),
(1095, 'credit', 1325, 365),
(1096, 'cash', 0, 366),
(1097, 'check', 0, 366),
(1098, 'credit', 1125, 366),
(1099, 'cash', 0, 367),
(1100, 'check', 0, 367),
(1101, 'credit', 1955, 367),
(1102, 'cash', 0, 368),
(1103, 'check', 0, 368),
(1104, 'credit', 1955, 368),
(1105, 'cash', 400, 369),
(1106, 'check', 0, 369),
(1107, 'credit', 0, 369),
(1108, 'cash', 0, 370),
(1109, 'check', 0, 370),
(1110, 'credit', 1750, 370),
(1111, 'cash', 0, 371),
(1112, 'check', 0, 371),
(1113, 'credit', 3000, 371),
(1114, 'cash', 0, 372),
(1115, 'check', 0, 372),
(1116, 'credit', 270, 372),
(1117, 'cash', 980, 373),
(1118, 'check', 0, 373),
(1119, 'credit', 0, 373),
(1120, 'cash', 600, 374),
(1121, 'check', 0, 374),
(1122, 'credit', 0, 374),
(1123, 'cash', 0, 375),
(1124, 'check', 0, 375),
(1125, 'credit', 360, 375),
(1126, 'cash', 0, 376),
(1127, 'check', 0, 376),
(1128, 'credit', 1500, 376),
(1129, 'cash', 200, 377),
(1130, 'check', 0, 377),
(1131, 'credit', 0, 377),
(1132, 'cash', 360, 378),
(1133, 'check', 0, 378),
(1134, 'credit', 0, 378),
(1135, 'cash', 0, 379),
(1136, 'check', 0, 379),
(1137, 'credit', 1500, 379),
(1138, 'cash', 0, 380),
(1139, 'check', 0, 380),
(1140, 'credit', 1360, 380),
(1141, 'cash', 0, 381),
(1142, 'check', 0, 381),
(1143, 'credit', 1325, 381),
(1144, 'cash', 0, 382),
(1145, 'check', 0, 382),
(1146, 'credit', 1250, 382),
(1147, 'cash', 0, 383),
(1148, 'check', 0, 383),
(1149, 'credit', 3650, 383),
(1150, 'cash', 0, 384),
(1151, 'check', 0, 384),
(1152, 'credit', 2415, 384),
(1153, 'cash', 0, 385),
(1154, 'check', 0, 385),
(1155, 'credit', 360, 385),
(1156, 'cash', 0, 386),
(1157, 'check', 0, 386),
(1158, 'credit', 1360, 386),
(1159, 'cash', 0, 387),
(1160, 'check', 0, 387),
(1161, 'credit', 1325, 387),
(1162, 'cash', 0, 388),
(1163, 'check', 0, 388),
(1164, 'credit', 1250, 388),
(1165, 'cash', 0, 389),
(1166, 'check', 0, 389),
(1167, 'credit', 360, 389),
(1168, 'cash', 0, 390),
(1169, 'check', 0, 390),
(1170, 'credit', 1955, 390),
(1171, 'cash', 0, 391),
(1172, 'check', 0, 391),
(1173, 'credit', 1955, 391),
(1174, 'cash', 0, 392),
(1175, 'check', 0, 392),
(1176, 'credit', 1250, 392),
(1177, 'cash', 0, 393),
(1178, 'check', 0, 393),
(1179, 'credit', 1000, 393),
(1180, 'cash', 480, 394),
(1181, 'check', 0, 394),
(1182, 'credit', 0, 394),
(1183, 'cash', 0, 395),
(1184, 'check', 0, 395),
(1185, 'credit', 1360, 395),
(1186, 'cash', 0, 396),
(1187, 'check', 0, 396),
(1188, 'credit', 960, 396),
(1189, 'cash', 0, 397),
(1190, 'check', 0, 397),
(1191, 'credit', 3025, 397),
(1192, 'cash', 0, 398),
(1193, 'check', 0, 398),
(1194, 'credit', 240, 398),
(1195, 'cash', 0, 399),
(1196, 'check', 0, 399),
(1197, 'credit', 1325, 399),
(1198, 'cash', 0, 400),
(1199, 'check', 0, 400),
(1200, 'credit', 90, 400),
(1201, 'cash', 0, 401),
(1202, 'check', 0, 401),
(1203, 'credit', 1325, 401),
(1204, 'cash', 0, 402),
(1205, 'check', 0, 402),
(1206, 'credit', 60, 402),
(1207, 'cash', 0, 403),
(1208, 'check', 0, 403),
(1209, 'credit', 1750, 403),
(1210, 'cash', 0, 404),
(1211, 'check', 0, 404),
(1212, 'credit', 1955, 404),
(1213, 'cash', 0, 405),
(1214, 'check', 0, 405),
(1215, 'credit', 1250, 405),
(1216, 'cash', 450, 406),
(1217, 'check', 0, 406),
(1218, 'credit', 0, 406),
(1219, 'cash', 180, 407),
(1220, 'check', 0, 407),
(1221, 'credit', 0, 407),
(1222, 'cash', 360, 408),
(1223, 'check', 0, 408),
(1224, 'credit', 0, 408),
(1225, 'cash', 0, 409),
(1226, 'check', 0, 409),
(1227, 'credit', 3650, 409),
(1228, 'cash', 180, 410),
(1229, 'check', 0, 410),
(1230, 'credit', 0, 410),
(1231, 'cash', 0, 411),
(1232, 'check', 0, 411),
(1233, 'credit', 1250, 411),
(1234, 'cash', 0, 412),
(1235, 'check', 0, 412),
(1236, 'credit', 2415, 412),
(1237, 'cash', 0, 413),
(1238, 'check', 0, 413),
(1239, 'credit', 360, 413),
(1240, 'cash', 0, 414),
(1241, 'check', 0, 414),
(1242, 'credit', 2500, 414),
(1243, 'cash', 1000, 415),
(1244, 'check', 0, 415),
(1245, 'credit', 0, 415),
(1246, 'cash', 0, 416),
(1247, 'check', 0, 416),
(1248, 'credit', 1000, 416),
(1249, 'cash', 0, 417),
(1250, 'check', 0, 417),
(1251, 'credit', 1955, 417),
(1252, 'cash', 0, 418),
(1253, 'check', 0, 418),
(1254, 'credit', 2750, 418),
(1255, 'cash', 0, 419),
(1256, 'check', 0, 419),
(1257, 'credit', 1000, 419),
(1258, 'cash', 200, 420),
(1259, 'check', 0, 420),
(1260, 'credit', 0, 420),
(1261, 'cash', 0, 421),
(1262, 'check', 0, 421),
(1263, 'credit', 1360, 421),
(1264, 'cash', 0, 422),
(1265, 'check', 0, 422),
(1266, 'credit', 1000, 422),
(1267, 'cash', 0, 423),
(1268, 'check', 0, 423),
(1269, 'credit', 1250, 423),
(1270, 'cash', 200, 424),
(1271, 'check', 0, 424),
(1272, 'credit', 0, 424),
(1273, 'cash', 360, 425),
(1274, 'check', 0, 425),
(1275, 'credit', 0, 425),
(1276, 'cash', 0, 426),
(1277, 'check', 0, 426),
(1278, 'credit', 200, 426),
(1279, 'cash', 0, 427),
(1280, 'check', 0, 427),
(1281, 'credit', 3650, 427),
(1282, 'cash', 0, 428),
(1283, 'check', 0, 428),
(1284, 'credit', 2750, 428),
(1285, 'cash', 0, 429),
(1286, 'check', 0, 429),
(1287, 'credit', 2250, 429),
(1288, 'cash', 0, 430),
(1289, 'check', 0, 430),
(1290, 'credit', 1955, 430),
(1291, 'cash', 360, 431),
(1292, 'check', 0, 431),
(1293, 'credit', 0, 431),
(1294, 'cash', 630, 432),
(1295, 'check', 0, 432),
(1296, 'credit', 0, 432),
(1297, 'cash', 0, 433),
(1298, 'check', 0, 433),
(1299, 'credit', 280, 433),
(1300, 'cash', 0, 434),
(1301, 'check', 0, 434),
(1302, 'credit', 1000, 434),
(1303, 'cash', 0, 435),
(1304, 'check', 0, 435),
(1305, 'credit', 1360, 435),
(1306, 'cash', 0, 436),
(1307, 'check', 0, 436),
(1308, 'credit', 1000, 436),
(1309, 'cash', 480, 437),
(1310, 'check', 0, 437),
(1311, 'credit', 0, 437),
(1312, 'cash', 180, 438),
(1313, 'check', 0, 438),
(1314, 'credit', 0, 438),
(1315, 'cash', 0, 439),
(1316, 'check', 0, 439),
(1317, 'credit', 480, 439),
(1318, 'cash', 0, 440),
(1319, 'check', 0, 440),
(1320, 'credit', 1125, 440),
(1321, 'cash', 0, 441),
(1322, 'check', 0, 441),
(1323, 'credit', 2415, 441),
(1324, 'cash', 0, 442),
(1325, 'check', 0, 442),
(1326, 'credit', 540, 442),
(1327, 'cash', 0, 443),
(1328, 'check', 0, 443),
(1329, 'credit', 200, 443),
(1330, 'cash', 0, 444),
(1331, 'check', 0, 444),
(1332, 'credit', 2750, 444),
(1333, 'cash', 0, 445),
(1334, 'check', 0, 445),
(1335, 'credit', 1125, 445),
(1336, 'cash', 0, 446),
(1337, 'check', 0, 446),
(1338, 'credit', 1250, 446),
(1339, 'cash', 0, 447),
(1340, 'check', 0, 447),
(1341, 'credit', 1955, 447),
(1342, 'cash', 0, 448),
(1343, 'check', 0, 448),
(1344, 'credit', 2500, 448),
(1345, 'cash', 0, 449),
(1346, 'check', 0, 449),
(1347, 'credit', 750, 449),
(1348, 'cash', 0, 450),
(1349, 'check', 0, 450),
(1350, 'credit', 540, 450),
(1351, 'cash', 0, 451),
(1352, 'check', 0, 451),
(1353, 'credit', 1250, 451),
(1354, 'cash', 360, 452),
(1355, 'check', 0, 452),
(1356, 'credit', 0, 452),
(1357, 'cash', 0, 453),
(1358, 'check', 0, 453),
(1359, 'credit', 540, 453),
(1360, 'cash', 0, 454),
(1361, 'check', 0, 454),
(1362, 'credit', 2500, 454),
(1363, 'cash', 0, 455),
(1364, 'check', 0, 455),
(1365, 'credit', 1250, 455),
(1366, 'cash', 480, 456),
(1367, 'check', 0, 456),
(1368, 'credit', 0, 456),
(1369, 'cash', 0, 457),
(1370, 'check', 0, 457),
(1371, 'credit', 360, 457),
(1372, 'cash', 0, 458),
(1373, 'check', 0, 458),
(1374, 'credit', 1250, 458),
(1375, 'cash', 480, 459),
(1376, 'check', 0, 459),
(1377, 'credit', 0, 459),
(1378, 'cash', 0, 460),
(1379, 'check', 0, 460),
(1380, 'credit', 200, 460),
(1381, 'cash', 0, 461),
(1382, 'check', 0, 461),
(1383, 'credit', 2750, 461),
(1384, 'cash', 0, 462),
(1385, 'check', 0, 462),
(1386, 'credit', 1200, 462),
(1387, 'cash', 360, 463),
(1388, 'check', 0, 463),
(1389, 'credit', 0, 463),
(1390, 'cash', 0, 464),
(1391, 'check', 0, 464),
(1392, 'credit', 1840, 464),
(1393, 'cash', 0, 465),
(1394, 'check', 0, 465),
(1395, 'credit', 1955, 465),
(1396, 'cash', 0, 466),
(1397, 'check', 0, 466),
(1398, 'credit', 200, 466),
(1399, 'cash', 0, 467),
(1400, 'check', 0, 467),
(1401, 'credit', 360, 467),
(1402, 'cash', 0, 468),
(1403, 'check', 0, 468),
(1404, 'credit', 750, 468),
(1405, 'cash', 0, 469),
(1406, 'check', 0, 469),
(1407, 'credit', 200, 469),
(1408, 'cash', 360, 470),
(1409, 'check', 0, 470),
(1410, 'credit', 0, 470),
(1411, 'cash', 0, 471),
(1412, 'check', 0, 471),
(1413, 'credit', 1360, 471),
(1414, 'cash', 0, 472),
(1415, 'check', 0, 472),
(1416, 'credit', 270, 472),
(1417, 'cash', 0, 473),
(1418, 'check', 0, 473),
(1419, 'credit', 750, 473),
(1420, 'cash', 0, 474),
(1421, 'check', 0, 474),
(1422, 'credit', 200, 474),
(1423, 'cash', 3200, 475),
(1424, 'check', 0, 475),
(1425, 'credit', 0, 475),
(1426, 'cash', 360, 476),
(1427, 'check', 0, 476),
(1428, 'credit', 0, 476),
(1429, 'cash', 0, 477),
(1430, 'check', 0, 477),
(1431, 'credit', 1620, 477),
(1432, 'cash', 360, 478),
(1433, 'check', 0, 478),
(1434, 'credit', 0, 478),
(1435, 'cash', 0, 479),
(1436, 'check', 0, 479),
(1437, 'credit', 750, 479),
(1438, 'cash', 0, 480),
(1439, 'check', 0, 480),
(1440, 'credit', 200, 480),
(1441, 'cash', 0, 481),
(1442, 'check', 0, 481),
(1443, 'credit', 270, 481),
(1444, 'cash', 0, 482),
(1445, 'check', 0, 482),
(1446, 'credit', 280, 482),
(1447, 'cash', 0, 483),
(1448, 'check', 0, 483),
(1449, 'credit', 3650, 483),
(1450, 'cash', 0, 484),
(1451, 'check', 0, 484),
(1452, 'credit', 360, 484),
(1453, 'cash', 0, 485),
(1454, 'check', 0, 485),
(1455, 'credit', 810, 485),
(1456, 'cash', 270, 486),
(1457, 'check', 0, 486),
(1458, 'credit', 0, 486),
(1459, 'cash', 200, 487),
(1460, 'check', 0, 487),
(1461, 'credit', 0, 487),
(1462, 'cash', 0, 488),
(1463, 'check', 0, 488),
(1464, 'credit', 200, 488),
(1465, 'cash', 0, 489),
(1466, 'check', 0, 489),
(1467, 'credit', 1250, 489),
(1468, 'cash', 100, 490),
(1469, 'check', 0, 490),
(1470, 'credit', 0, 490),
(1471, 'cash', 0, 491),
(1472, 'check', 0, 491),
(1473, 'credit', 630, 491),
(1474, 'cash', 0, 492),
(1475, 'check', 0, 492),
(1476, 'credit', 1250, 492),
(1477, 'cash', 0, 493),
(1478, 'check', 0, 493),
(1479, 'credit', 7000, 493),
(1480, 'cash', 480, 494),
(1481, 'check', 0, 494),
(1482, 'credit', 0, 494),
(1483, 'cash', 0, 495),
(1484, 'check', 0, 495),
(1485, 'credit', 360, 495),
(1486, 'cash', 0, 496),
(1487, 'check', 0, 496),
(1488, 'credit', 1000, 496),
(1489, 'cash', 0, 497),
(1490, 'check', 0, 497),
(1491, 'credit', 200, 497),
(1492, 'cash', 0, 498),
(1493, 'check', 0, 498),
(1494, 'credit', 1360, 498),
(1495, 'cash', 0, 499),
(1496, 'check', 0, 499),
(1497, 'credit', 1125, 499),
(1498, 'cash', 200, 500),
(1499, 'check', 0, 500),
(1500, 'credit', 0, 500),
(1501, 'cash', 0, 501),
(1502, 'check', 0, 501),
(1503, 'credit', 1250, 501),
(1504, 'cash', 0, 502),
(1505, 'check', 0, 502),
(1506, 'credit', 1125, 502),
(1507, 'cash', 0, 503),
(1508, 'check', 0, 503),
(1509, 'credit', 2750, 503),
(1510, 'cash', 0, 504),
(1511, 'check', 0, 504),
(1512, 'credit', 1955, 504),
(1513, 'cash', 630, 505),
(1514, 'check', 0, 505),
(1515, 'credit', 0, 505);

INSERT INTO `paiement` (`id`, `type`, `montant`, `bonId`) VALUES
(1516, 'cash', 0, 506),
(1517, 'check', 0, 506),
(1518, 'credit', 1360, 506),
(1519, 'cash', 0, 507),
(1520, 'check', 0, 507),
(1521, 'credit', 200, 507),
(1522, 'cash', 0, 508),
(1523, 'check', 0, 508),
(1524, 'credit', 180, 508),
(1525, 'cash', 0, 509),
(1526, 'check', 0, 509),
(1527, 'credit', 1000, 509),
(1528, 'cash', 180, 510),
(1529, 'check', 0, 510),
(1530, 'credit', 0, 510),
(1531, 'cash', 0, 511),
(1532, 'check', 0, 511),
(1533, 'credit', 1000, 511),
(1534, 'cash', 360, 512),
(1535, 'check', 0, 512),
(1536, 'credit', 0, 512),
(1537, 'cash', 630, 513),
(1538, 'check', 0, 513),
(1539, 'credit', 0, 513),
(1540, 'cash', 0, 514),
(1541, 'check', 0, 514),
(1542, 'credit', 3650, 514),
(1543, 'cash', 0, 515),
(1544, 'check', 0, 515),
(1545, 'credit', 360, 515),
(1546, 'cash', 0, 516),
(1547, 'check', 0, 516),
(1548, 'credit', 1000, 516),
(1549, 'cash', 0, 517),
(1550, 'check', 0, 517),
(1551, 'credit', 1000, 517),
(1552, 'cash', 0, 518),
(1553, 'check', 0, 518),
(1554, 'credit', 1955, 518),
(1555, 'cash', 0, 519),
(1556, 'check', 0, 519),
(1557, 'credit', 750, 519),
(1558, 'cash', 0, 520),
(1559, 'check', 0, 520),
(1560, 'credit', 1360, 520),
(1561, 'cash', 0, 521),
(1562, 'check', 0, 521),
(1563, 'credit', 1500, 521),
(1564, 'cash', 0, 522),
(1565, 'check', 0, 522),
(1566, 'credit', 32000, 522),
(1567, 'cash', 0, 523),
(1568, 'check', 0, 523),
(1569, 'credit', 1700, 523),
(1570, 'cash', 0, 524),
(1571, 'check', 0, 524),
(1572, 'credit', 360, 524),
(1573, 'cash', 0, 525),
(1574, 'check', 0, 525),
(1575, 'credit', 1955, 525),
(1576, 'cash', 0, 526),
(1577, 'check', 0, 526),
(1578, 'credit', 1500, 526),
(1579, 'cash', 0, 527),
(1580, 'check', 0, 527),
(1581, 'credit', 1750, 527),
(1582, 'cash', 0, 528),
(1583, 'check', 0, 528),
(1584, 'credit', 1840, 528),
(1585, 'cash', 0, 529),
(1586, 'check', 0, 529),
(1587, 'credit', 1500, 529),
(1588, 'cash', 0, 530),
(1589, 'check', 0, 530),
(1590, 'credit', 1500, 530),
(1591, 'cash', 0, 531),
(1592, 'check', 0, 531),
(1593, 'credit', 1325, 531),
(1594, 'cash', 0, 532),
(1595, 'check', 0, 532),
(1596, 'credit', 360, 532),
(1597, 'cash', 0, 533),
(1598, 'check', 0, 533),
(1599, 'credit', 1360, 533),
(1600, 'cash', 0, 534),
(1601, 'check', 0, 534),
(1602, 'credit', 60, 534),
(1603, 'cash', 0, 535),
(1604, 'check', 0, 535),
(1605, 'credit', 3000, 535),
(1606, 'cash', 360, 536),
(1607, 'check', 0, 536),
(1608, 'credit', 0, 536),
(1609, 'cash', 200, 537),
(1610, 'check', 0, 537),
(1611, 'credit', 0, 537),
(1612, 'cash', 0, 538),
(1613, 'check', 0, 538),
(1614, 'credit', 1500, 538),
(1615, 'cash', 0, 539),
(1616, 'check', 0, 539),
(1617, 'credit', 1500, 539),
(1618, 'cash', 0, 540),
(1619, 'check', 0, 540),
(1620, 'credit', 360, 540),
(1621, 'cash', 0, 541),
(1622, 'check', 0, 541),
(1623, 'credit', 90, 541),
(1624, 'cash', 360, 542),
(1625, 'check', 0, 542),
(1626, 'credit', 0, 542),
(1627, 'cash', 0, 543),
(1628, 'check', 0, 543),
(1629, 'credit', 1955, 543),
(1630, 'cash', 0, 544),
(1631, 'check', 0, 544),
(1632, 'credit', 480, 544),
(1633, 'cash', 0, 545),
(1634, 'check', 0, 545),
(1635, 'credit', 1360, 545),
(1636, 'cash', 360, 546),
(1637, 'check', 0, 546),
(1638, 'credit', 0, 546),
(1639, 'cash', 0, 547),
(1640, 'check', 0, 547),
(1641, 'credit', 1000, 547),
(1642, 'cash', 0, 548),
(1643, 'check', 0, 548),
(1644, 'credit', 60, 548),
(1645, 'cash', 180, 549),
(1646, 'check', 0, 549),
(1647, 'credit', 0, 549),
(1648, 'cash', 0, 550),
(1649, 'check', 0, 550),
(1650, 'credit', 1360, 550),
(1651, 'cash', 0, 551),
(1652, 'check', 0, 551),
(1653, 'credit', 1955, 551),
(1654, 'cash', 0, 552),
(1655, 'check', 0, 552),
(1656, 'credit', 1955, 552),
(1657, 'cash', 0, 553),
(1658, 'check', 0, 553),
(1659, 'credit', 1250, 553),
(1660, 'cash', 0, 554),
(1661, 'check', 0, 554),
(1662, 'credit', 1840, 554),
(1663, 'cash', 0, 555),
(1664, 'check', 0, 555),
(1665, 'credit', 1250, 555),
(1666, 'cash', 0, 556),
(1667, 'check', 0, 556),
(1668, 'credit', 0, 556),
(1669, 'cash', 0, 557),
(1670, 'check', 0, 557),
(1671, 'credit', 1200, 557),
(1672, 'cash', 0, 558),
(1673, 'check', 0, 558),
(1674, 'credit', 280, 558),
(1675, 'cash', 0, 559),
(1676, 'check', 0, 559),
(1677, 'credit', 1200, 559),
(1678, 'cash', 0, 560),
(1679, 'check', 0, 560),
(1680, 'credit', 480, 560),
(1681, 'cash', 0, 561),
(1682, 'check', 0, 561),
(1683, 'credit', 560, 561),
(1684, 'cash', 0, 562),
(1685, 'check', 0, 562),
(1686, 'credit', 1200, 562),
(1687, 'cash', 0, 563),
(1688, 'check', 0, 563),
(1689, 'credit', 240, 563),
(1690, 'cash', 0, 564),
(1691, 'check', 0, 564),
(1692, 'credit', 280, 564),
(1693, 'cash', 0, 565),
(1694, 'check', 0, 565),
(1695, 'credit', 1200, 565),
(1696, 'cash', 0, 566),
(1697, 'check', 0, 566),
(1698, 'credit', 280, 566),
(1699, 'cash', 0, 567),
(1700, 'check', 0, 567),
(1701, 'credit', 1000, 567),
(1702, 'cash', 120, 568),
(1703, 'check', 0, 568),
(1704, 'credit', 0, 568),
(1705, 'cash', 0, 569),
(1706, 'check', 0, 569),
(1707, 'credit', 480, 569),
(1708, 'cash', 0, 570),
(1709, 'check', 0, 570),
(1710, 'credit', 2750, 570),
(1711, 'cash', 0, 571),
(1712, 'check', 0, 571),
(1713, 'credit', 2000, 571),
(1714, 'cash', 360, 572),
(1715, 'check', 0, 572),
(1716, 'credit', 0, 572),
(1717, 'cash', 0, 573),
(1718, 'check', 0, 573),
(1719, 'credit', 1955, 573),
(1720, 'cash', 0, 574),
(1721, 'check', 0, 574),
(1722, 'credit', 1000, 574),
(1723, 'cash', 0, 575),
(1724, 'check', 0, 575),
(1725, 'credit', 2250, 575),
(1726, 'cash', 0, 576),
(1727, 'check', 0, 576),
(1728, 'credit', 1500, 576),
(1729, 'cash', 0, 577),
(1730, 'check', 0, 577),
(1731, 'credit', 1955, 577),
(1732, 'cash', 0, 578),
(1733, 'check', 0, 578),
(1734, 'credit', 1000, 578),
(1735, 'cash', 0, 579),
(1736, 'check', 0, 579),
(1737, 'credit', 1500, 579),
(1738, 'cash', 270, 580),
(1739, 'check', 0, 580),
(1740, 'credit', 0, 580),
(1741, 'cash', 0, 581),
(1742, 'check', 0, 581),
(1743, 'credit', 1500, 581),
(1744, 'cash', 0, 582),
(1745, 'check', 0, 582),
(1746, 'credit', 1500, 582),
(1747, 'cash', 120, 583),
(1748, 'check', 0, 583),
(1749, 'credit', 0, 583),
(1750, 'cash', 480, 584),
(1751, 'check', 0, 584),
(1752, 'credit', 0, 584),
(1753, 'cash', 0, 585),
(1754, 'check', 0, 585),
(1755, 'credit', 840, 585),
(1756, 'cash', 0, 586),
(1757, 'check', 0, 586),
(1758, 'credit', 180, 586),
(1759, 'cash', 360, 587),
(1760, 'check', 0, 587),
(1761, 'credit', 0, 587),
(1762, 'cash', 0, 588),
(1763, 'check', 0, 588),
(1764, 'credit', 280, 588),
(1765, 'cash', 0, 589),
(1766, 'check', 0, 589),
(1767, 'credit', 480, 589),
(1768, 'cash', 0, 590),
(1769, 'check', 0, 590),
(1770, 'credit', 1125, 590),
(1771, 'cash', 0, 591),
(1772, 'check', 0, 591),
(1773, 'credit', 720, 591),
(1774, 'cash', 0, 592),
(1775, 'check', 0, 592),
(1776, 'credit', 1200, 592),
(1777, 'cash', 0, 593),
(1778, 'check', 0, 593),
(1779, 'credit', 560, 593),
(1780, 'cash', 0, 594),
(1781, 'check', 0, 594),
(1782, 'credit', 1200, 594),
(1783, 'cash', 0, 595),
(1784, 'check', 0, 595),
(1785, 'credit', 1500, 595),
(1786, 'cash', 0, 596),
(1787, 'check', 0, 596),
(1788, 'credit', 270, 596),
(1789, 'cash', 350, 597),
(1790, 'check', 0, 597),
(1791, 'credit', 0, 597),
(1795, 'cash', 0, 599),
(1796, 'check', 0, 599),
(1797, 'credit', 1125, 599),
(1798, 'cash', 0, 600),
(1799, 'check', 0, 600),
(1800, 'credit', 1125, 600),
(1801, 'cash', 0, 601),
(1802, 'check', 0, 601),
(1803, 'credit', 1500, 601),
(1804, 'cash', 0, 602),
(1805, 'check', 0, 602),
(1806, 'credit', 1375, 602),
(1807, 'cash', 0, 603),
(1808, 'check', 0, 603),
(1809, 'credit', 1125, 603),
(1810, 'cash', 60, 604),
(1811, 'check', 0, 604),
(1812, 'credit', 0, 604),
(1813, 'cash', 0, 605),
(1814, 'check', 0, 605),
(1815, 'credit', 1250, 605),
(1816, 'cash', 0, 606),
(1817, 'check', 0, 606),
(1818, 'credit', 360, 606),
(1819, 'cash', 0, 607),
(1820, 'check', 0, 607),
(1821, 'credit', 900, 607),
(1822, 'cash', 0, 608),
(1823, 'check', 0, 608),
(1824, 'credit', 2250, 608),
(1825, 'cash', 180, 609),
(1826, 'check', 0, 609),
(1827, 'credit', 0, 609),
(1828, 'cash', 0, 610),
(1829, 'check', 0, 610),
(1830, 'credit', 1200, 610),
(1831, 'cash', 0, 611),
(1832, 'check', 0, 611),
(1833, 'credit', 1200, 611),
(1834, 'cash', 0, 612),
(1835, 'check', 0, 612),
(1836, 'credit', 400, 612),
(1837, 'cash', 0, 613),
(1838, 'check', 0, 613),
(1839, 'credit', 200, 613),
(1840, 'cash', 0, 614),
(1841, 'check', 0, 614),
(1842, 'credit', 1840, 614),
(1843, 'cash', 0, 615),
(1844, 'check', 0, 615),
(1845, 'credit', 360, 615),
(1846, 'cash', 0, 616),
(1847, 'check', 0, 616),
(1848, 'credit', 1125, 616),
(1849, 'cash', 0, 617),
(1850, 'check', 0, 617),
(1851, 'credit', 1125, 617),
(1852, 'cash', 0, 618),
(1853, 'check', 0, 618),
(1854, 'credit', 2250, 618),
(1855, 'cash', 0, 619),
(1856, 'check', 0, 619),
(1857, 'credit', 600, 619),
(1858, 'cash', 0, 620),
(1859, 'check', 0, 620),
(1860, 'credit', 900, 620),
(1861, 'cash', 630, 621),
(1862, 'check', 0, 621),
(1863, 'credit', 0, 621),
(1864, 'cash', 0, 622),
(1865, 'check', 0, 622),
(1866, 'credit', 180, 622),
(1867, 'cash', 0, 623),
(1868, 'check', 0, 623),
(1869, 'credit', 360, 623),
(1870, 'cash', 0, 624),
(1871, 'check', 0, 624),
(1872, 'credit', 2125, 624),
(1873, 'cash', 0, 625),
(1874, 'check', 0, 625),
(1875, 'credit', 1500, 625),
(1876, 'cash', 0, 626),
(1877, 'check', 0, 626),
(1878, 'credit', 360, 626),
(1879, 'cash', 0, 627),
(1880, 'check', 0, 627),
(1881, 'credit', 455, 627),
(1882, 'cash', 360, 628),
(1883, 'check', 0, 628),
(1884, 'credit', 0, 628),
(1885, 'cash', 0, 629),
(1886, 'check', 0, 629),
(1887, 'credit', 1125, 629),
(1888, 'cash', 180, 630),
(1889, 'check', 0, 630),
(1890, 'credit', 0, 630),
(1891, 'cash', 0, 631),
(1892, 'check', 0, 631),
(1893, 'credit', 320, 631),
(1894, 'cash', 0, 632),
(1895, 'check', 0, 632),
(1896, 'credit', 630, 632),
(1900, 'cash', 0, 634),
(1901, 'check', 500, 634),
(1902, 'credit', 0, 634),
(1903, 'cash', 0, 635),
(1904, 'check', 500, 635),
(1905, 'credit', 0, 635);

INSERT INTO `production` (`id`, `quantity`, `startDate`, `endDate`, `status`, `notes`, `createdAt`, `updatedAt`, `machineId`, `produitId`) VALUES
(3, 100, '2025-07-29 15:04:00', '2025-07-29 17:04:00', 'completed', '', '2025-07-29 17:05:06', '2025-07-29 17:05:14', 1, 2),
(4, 500, '2025-07-29 17:06:00', '2025-07-29 19:06:00', 'in_progress', '', '2025-07-29 17:07:39', '2025-07-29 17:07:39', 1, 1);

INSERT INTO `produit` (`id`, `name`, `prix`) VALUES
(1, '0/6', 0),
(2, 'Gravette G1*8/25*', 0),
(5, 'Gravette G2 \"15/25\"', 0),
(6, 'GNB: Grave non traite type B ', 0),
(7, 'GNF2: Grave non traite pour couche de fondation 2', 0),
(8, 'Sable Concass 0/6', 0),
(10, 'Gravier concass 3/8', 0),
(11, 'Gravier concass 6/10', 0),
(12, 'Gravier concass 10/14', 0),
(13, 'Sable Strile', 0),
(14, 'Gravier concass 4/6', 0),
(15, 'G1+G2', 0),
(16, 'G1+G2', 0),
(17, 'Sable Concass 0/4', 0),
(18, 'Sable Concass 0/4', 0),
(19, 'Sable lave ', 0),
(20, 'Sable lave', 0),
(21, 'Gravier concass 5/8', 0);

INSERT INTO `salarie` (`id`, `name`, `salaire`, `date`) VALUES
(1, 'HAMOU OUAACHA ', 5500, '01/06/2025'),
(2, 'Amine YOUSSOUFI', 15000, '02/08/2025');

INSERT INTO `stock` (`id`, `name`, `quantity`, `createdAt`, `updatedAt`, `type`, `prixVente`) VALUES
(2, 'NOM DE PRODUIT', 3, '2025-07-25 22:23:25.162826', '2025-07-29 15:53:20.000000', 'Pice de rechange', 0),
(3, 'Carburant', 30, '2025-07-28 00:02:48.503541', '2025-07-29 15:22:45.000000', 'Carburant', 0),
(4, 'PIECE DE RECHANGE', 10, '2025-07-29 13:50:20.496089', '2025-07-29 15:22:51.000000', 'Pice de rechange', 0);

INSERT INTO `user` (`id`, `name`, `email`, `password`, `role`, `created_at`, `updated_at`) VALUES
(1, 'Administrateur', 'admin@zaimcarriere.ma', '$2b$10$QePswMTWiZiRanogNedEDeNsQYoYTw9PEwgEQB1unwb5J0shwmw/m', 'vente,admin,caisse,rh,achat,production,maintenance,commercial', '2025-07-07 13:31:35.299935', '2025-07-29 20:55:45.000000'),
(2, 'Youssoufi NAJIA', 'youssoufi.najia@gmail.com', '$2b$10$iDWB/fqYkUBaArfRWU2os.A2sKcPns4XY0mftT1Fivif8qoAlKsSy', 'vente,admin,caisse,rh,achat,maintenance,production', '2025-07-10 14:13:33.568213', '2025-07-28 00:42:00.000000');

INSERT INTO `vehicule` (`id`, `immatricule`, `type`, `clientId`, `chauffeurId`, `marque`, `modele`, `kilometrageVidange`) VALUES
(6, '69849-A-20', 'Client', 1, NULL, '', '', 0),
(11, '15684-A-24', 'Client', 4, NULL, '', '', 0),
(13, '76075-A-15', 'Client', 5, NULL, '', '', 0),
(14, '2306-A-39', 'Client', 6, NULL, '', '', 0),
(15, '56818-A-20', 'Client', 6, NULL, '', '', 0),
(18, '66650-A-7', 'Client', 6, NULL, '', '', 0),
(19, '11036-A-25', 'Local', NULL, 1, 'Renault', 'Magnum', 10000),
(22, '4466-A-38', 'Client', 11, NULL, '', '', 0),
(23, '77617-A-40', 'Client', 14, NULL, '', '', 0),
(24, '625-A-53', 'Client', 15, NULL, '', '', 0),
(26, '62452-A-6', 'Client', 16, NULL, '', '', 0),
(27, '28279-H-6', 'Client', 17, NULL, '', '', 0),
(28, '1420-A-5', 'Client', 17, NULL, '', '', 0),
(29, '47286-A-6', 'Client', 17, NULL, '', '', 0),
(30, '8368-A-25', 'Client', 19, NULL, '', '', 0),
(31, '51958-A-50', 'Client', 18, NULL, '', '', 0),
(32, '7118-A-45', 'Client', 20, NULL, '', '', 0),
(33, '8670-A-7', 'Client', 21, NULL, '', '', 0),
(34, '11037-A-25', 'Local', NULL, NULL, 'DFSK', 'C10', 0),
(35, '34435-A-48', 'Client', 22, NULL, '', '', 0),
(36, '25470-D-6', 'Client', 28, NULL, '', '', 0),
(37, '25470-D-6', 'Client', 28, NULL, '', '', 0),
(38, '25470-D-6', 'Client', 28, NULL, '', '', 0),
(39, '25470-D-6', 'Client', 28, NULL, '', '', 0),
(40, '91891-A-15', 'Local', NULL, NULL, 'MANMAROC', 'TT56', 0),
(42, '21393-A-25', 'Client', 17, NULL, '', '', 0),
(43, '21393-A-25', 'Client', 17, NULL, '', '', 0),
(44, '37202-A-2', 'Client', 34, NULL, '', '', 0),
(45, '76075-A-15', 'Client', 35, NULL, '', '', 0),
(46, '10325-A-52', 'Client', 36, NULL, '', '', 0),
(47, '18296-D-40', 'Client', 37, NULL, '', '', 0),
(48, '18296-D-40', 'Client', 37, NULL, '', '', 0),
(49, '34398-A-15', 'Client', 40, NULL, '', '', 0),
(50, '34398-A-15', 'Client', 40, NULL, '', '', 0),
(51, '14651-A-25', 'Client', 41, NULL, '', '', 0),
(52, '57785-A-14', 'Client', 42, NULL, '', '', 0),
(53, '57785-A-14', 'Client', 42, NULL, '', '', 0),
(54, '8214-A-6', 'Client', 43, NULL, '', '', 0),
(55, '8214-A-6', 'Client', 43, NULL, '', '', 0),
(56, '6343-A-38', 'Client', 46, NULL, '', '', 0),
(57, '69849-A-20', 'Client', 47, NULL, '', '', 0),
(58, '822-A-43', 'Client', 49, NULL, '', '', 0),
(59, '6637-A-38', 'Client', 17, NULL, '', '', 0),
(60, '12123-A-59', 'Client', 51, NULL, '', '', 0),
(61, '22864-A-48', 'Client', 53, NULL, '', '', 0),
(62, '4609-A-25', 'Client', 55, NULL, '', '', 0),
(63, '6943-A-38', 'Client', 17, NULL, '', '', 0),
(64, '2369-A-79', 'Client', 56, NULL, '', '', 0),
(65, '31981-A-11', 'Client', 57, NULL, '', '', 0),
(66, '31981-A-11', 'Client', 57, NULL, '', '', 0),
(67, '196-A-52', 'Client', 17, NULL, '', '', 0),
(68, '196-A-52', 'Client', 17, NULL, '', '', 0),
(69, '14918-A-59', 'Client', 58, NULL, '', '', 0),
(70, '54386-A-1', 'Client', 59, NULL, '', '', 0),
(71, '83233-A-20', 'Client', 60, NULL, '', '', 0),
(72, '948-A-25', 'Client', 5, NULL, '', '', 0),
(73, '24215-A-5', 'Client', 63, NULL, '', '', 0),
(74, '843-A-53', 'Client', 15, NULL, '', '', 0),
(75, '843-A-53', 'Client', 15, NULL, '', '', 0),
(76, '18729-A-59', 'Client', 66, NULL, '', '', 0),
(77, '4644-A-8', 'Client', 67, NULL, '', '', 0),
(78, '4644-A-8', 'Client', 67, NULL, '', '', 0),
(79, '14267-A-25', 'Client', 69, NULL, '', '', 0),
(80, '5529-A-50', 'Client', 70, NULL, '', '', 0),
(81, '5529-A-50', 'Client', 70, NULL, '', '', 0),
(82, '5529-A-50', 'Client', 70, NULL, '', '', 0),
(83, '2125-A-39', 'Client', 71, NULL, '', '', 0),
(84, '2125-A-39', 'Client', 71, NULL, '', '', 0),
(85, '7118-A-45', 'Client', 20, NULL, '', '', 0),
(86, '47286-A-6', 'Client', 73, NULL, '', '', 0),
(87, '18729-A-59', 'Client', 76, NULL, '', '', 0),
(88, '6867-A-38', 'Client', 77, NULL, '', '', 0),
(89, '952-A-25', 'Client', 78, NULL, '', '', 0),
(90, '11660-A-25', 'Client', 65, NULL, '', '', 0),
(91, '11556-A-25', 'Client', 80, NULL, '', '', 0),
(92, '11556-A-25', 'Client', 80, NULL, '', '', 0),
(93, '13114-A-51', 'Client', 82, NULL, '', '', 0),
(94, '523-D-40', 'Client', 37, NULL, '', '', 0),
(95, '11660-A-25', 'Client', 84, NULL, '', '', 0),
(96, '822-A-43', 'Client', 15, NULL, '', '', 0),
(97, '822-A-43', 'Client', 15, NULL, '', '', 0),
(98, '18729-A-59', 'Client', 85, NULL, '', '', 0),
(99, '2199-A-24', 'Client', 87, NULL, '', '', 0),
(100, '69010-A-7', 'Client', 89, NULL, '', '', 0),
(101, '18729-A-59', 'Client', 71, NULL, '', '', 0),
(102, '18729-A-59', 'Client', 71, NULL, '', '', 0),
(103, '5342-B-40', 'Client', 79, NULL, '', '', 0),
(104, '5342-B-40', 'Client', 79, NULL, '', '', 0),
(105, '11660-A-25', 'Client', 83, NULL, '', '', 0),
(106, '4453-A-52', 'Client', 91, NULL, '', '', 0),
(107, '37830-A-61', 'Client', 93, NULL, '', '', 0),
(108, '18729-A-59', 'Client', 94, NULL, '', '', 0),
(109, '8214-A-6', 'Client', 95, NULL, '', '', 0),
(110, '8214-A-6', 'Client', 95, NULL, '', '', 0),
(111, '39922-A-1', 'Client', 22, NULL, '', '', 0),
(112, '12901-A-17', 'Client', 97, NULL, '', '', 0),
(113, '12901-A-17', 'Client', 97, NULL, '', '', 0),
(114, '6055-A-25', 'Client', 32, NULL, '', '', 0),
(115, '4453-A-62', 'Client', 98, NULL, '', '', 0),
(116, '23234-A-25', 'Client', 102, NULL, '', '', 0),
(117, '23234-A-25', 'Client', 102, NULL, '', '', 0),
(118, '23234-A-25', 'Client', 102, NULL, '', '', 0),
(119, '4673-A-25', 'Client', 47, NULL, '', '', 0),
(120, '4673-A-25', 'Client', 47, NULL, '', '', 0),
(121, '4673-A-25', 'Client', 47, NULL, '', '', 0),
(122, '28815-A-38', 'Client', 103, NULL, '', '', 0),
(123, '28815-A-38', 'Client', 103, NULL, '', '', 0),
(124, '18729-A-59', 'Client', 105, NULL, '', '', 0),
(125, '8089-A-25', 'Client', 4, NULL, '', '', 0),
(126, '523-D-40', 'Client', 38, NULL, '', '', 0),
(127, '523-D-40', 'Client', 38, NULL, '', '', 0),
(128, '18729-A-59', 'Client', 106, NULL, '', '', 0),
(129, '49660-A-26', 'Client', 108, NULL, '', '', 0),
(130, '17024-A-61', 'Client', 109, NULL, '', '', 0),
(131, '34435-A-48', 'Client', 109, NULL, '', '', 0),
(132, '9067-A-25', 'Client', 19, NULL, '', '', 0),
(133, '28815-A-38', 'Client', 110, NULL, '', '', 0),
(134, '7843-A-45', 'Client', 41, NULL, '', '', 0),
(135, '7843-A-45', 'Client', 41, NULL, '', '', 0),
(136, '94637-B-1', 'Client', 63, NULL, '', '', 0),
(137, '94637-B-1', 'Client', 63, NULL, '', '', 0),
(138, '94637-B-1', 'Client', 63, NULL, '', '', 0),
(139, '94637-B-1', 'Client', 63, NULL, '', '', 0),
(140, '27200-D-A', 'Client', 93, NULL, '', '', 0),
(141, '9997-A-20', 'Client', 115, NULL, '', '', 0),
(142, '9997-A-20', 'Client', 115, NULL, '', '', 0),
(143, '69870-A-20', 'Client', 58, NULL, '', '', 0),
(144, '69870-A-20', 'Client', 58, NULL, '', '', 0),
(145, '4917-A-25', 'Client', 118, NULL, '', '', 0),
(146, '46058-A-59', 'Client', 113, NULL, '', '', 0),
(147, '94673-B-1', 'Client', 119, NULL, '', '', 0),
(148, '6930-A-7', 'Client', 120, NULL, '', '', 0),
(149, '69010-A-7', 'Client', 24, NULL, '', '', 0),
(150, '46916-B-1', 'Client', 24, NULL, '', '', 0),
(151, '1144-A-25', 'Client', 123, NULL, '', '', 0),
(152, '34398-A-15', 'Client', 124, NULL, '', '', 0),
(153, '8214-A-6', 'Client', 22, NULL, '', '', 0),
(154, '8214-A-6', 'Client', 22, NULL, '', '', 0),
(155, '29976-A-54', 'Client', 125, NULL, '', '', 0),
(156, '34398-A-15', 'Client', 105, NULL, '', '', 0),
(157, '7928-A-20', 'Client', 47, NULL, '', '', 0),
(158, '5342-B-40', 'Client', 126, NULL, '', '', 0),
(159, '16691-A-61', 'Client', 4, NULL, '', '', 0),
(160, '18729-A-59', 'Client', 27, NULL, '', '', 0),
(161, '90349-A-15', 'Client', 80, NULL, '', '', 0),
(162, '10186-D-1', 'Client', 128, NULL, '', '', 0),
(163, '43054-A-15', 'Client', 129, NULL, '', '', 0),
(164, '26144-A-25', 'Client', 103, NULL, '', '', 0),
(165, '36754-D-6', 'Client', 17, NULL, '', '', 0),
(166, '15684-A-24', 'Client', 1, NULL, '', '', 0),
(167, '71193-D-1', 'Client', 93, NULL, '', '', 0),
(169, '83063-H-6', 'Local', NULL, 2, 'TOYOTA', 'YARIS', 0);

INSERT INTO `vidange` (`id`, `date`, `cout`, `description`, `kilometrage`, `heures_moteur`, `type_vidange`, `vehicule_id`, `machine_id`, `vehiculeId`, `machineId`) VALUES
(3, '2025-07-29', 700, '', 6666, 0, 'Vidange complte', NULL, NULL, 19, NULL),
(4, '2025-07-29', 500, '', 900000, 0, 'Vidange complte', NULL, NULL, 19, NULL),
(5, '2025-07-29', 400, '', 0, 500, 'Vidange complte', NULL, NULL, NULL, 1);



/*!40101 SET SQL_MODE=@OLD_SQL_MODE */;
/*!40014 SET FOREIGN_KEY_CHECKS=@OLD_FOREIGN_KEY_CHECKS */;
/*!40014 SET UNIQUE_CHECKS=@OLD_UNIQUE_CHECKS */;
/*!40101 SET CHARACTER_SET_CLIENT=@OLD_CHARACTER_SET_CLIENT */;
/*!40101 SET CHARACTER_SET_RESULTS=@OLD_CHARACTER_SET_RESULTS */;
/*!40101 SET COLLATION_CONNECTION=@OLD_COLLATION_CONNECTION */;
/*!40111 SET SQL_NOTES=@OLD_SQL_NOTES */;